ticker_full,co_id,name,board,mcap,isin,cusip,sedar_issuer_no,former_names,stage,incorporation_jurisdiction
AEM.TO,AGN0001,Agnico Eagle Mines Limited,TSX,111855278192.32,,,,,,
ABX.TO,BAR0007,Barrick Mining Corporation,TSX,86745601490.1,,,,,,
WPM.TO,CHA0006,Wheaton Precious Metals Corp.,TSX,72452468002.86,,,,,,
CCO.TO,CAM0009,Cameco Corporation,TSX,62960647299.68,,,,,,
FNV.TO,FRA0009,Franco-Nevada Corporation,TSX,57071766585.9,,,,,,
NTR.TO,NUT0003,Nutrien Ltd.,TSX,42823880653.0,,,,,,
TECK.TO,TEC0009,Teck Resources Limited,TSX,41424074414.63,,,,,,
K.TO,KIN0008,Kinross Gold Corporation,TSX,39928728588.94,,,,,,
FM.TO,FIR0023,First Quantum Minerals Ltd.,TSX,32317145708.64,,,,,,
LUN.TO,LUN0002,Lundin Mining Corporation,TSX,29561895025.92,,,,,,
PAAS.TO,PAN0002,Pan American Silver Corp.,TSX,26697449270.8,,,,,,
LUG.TO,LUN0005,Lundin Gold Inc.,TSX,18502105653.29,,,,,,
AGI.TO,ALA0001,Alamos Gold Inc.,TSX,18026193873.0,,,,,,
EDV.TO,END0004,Endeavour Mining plc,TSX,17196532153.32,,,,,,
IVN.TO,IVA0003,Ivanhoe Mines Ltd.,TSX,15846995964.14,,,,,,
CDE.TO,X-1466,"Coeur Mining, Inc.",TSX,14883821324.9,,,,,,
HBM.TO,HUD0003,HudBay Minerals Inc.,TSX,14873574948.65,,,,,,
IMG.TO,IAM0001,IAMGold Corporation,TSX,13011594749.45,,,,,,
AG.TO,FIR0059,First Majestic Silver Corp.,TSX,11872122499.44,,,,,,
ELD.TO,ELD0001,Eldorado Gold Corporation,TSX,11532705646.1,,,,,,
EQX.TO,V-02583,Equinox Gold Corp.,TSX,10906127102.84,,,,,,
DPM.TO,DUN0006,DPM Metals Inc.,TSX,10160951933.02,,,,,,
CS.TO,CAP0012,Capstone Copper Corp.,TSX,9952201968.06,,,,,,
GMIN.TO,V-04606,G Mining Ventures Corp.,TSX,9876409065.91,,,,,,
NXE.TO,NEX0009,NexGen Energy Ltd.,TSX,8914824265.32,,,,,,
CGG.TO,JIN0001,China Gold International Resources Corp. Ltd.,TSX,8911381167.44,,,,,,
TFPM.TO,TRI0058,Triple Flag Precious Metals Corp.,TSX,8778600220.88,,,,,,
OR.TO,OSI0003,OR Royalties Inc.,TSX,8421494682.15,,,,,,
SSRM.TO,SIL0006,SSR Mining Inc.,TSX,8321089767.3,,,,,,
OGC.TO,OCE0003,OceanaGold Corporation,TSX,7913981842.65,,,,,,
ARTG.V,V-04601,Artemis Gold Inc.,TSXV,7273954873.59,,,,,,
BTO.TO,BTW0001,B2Gold Corp.,TSX,7058009249.76,,,,,,
DSV.TO,V-02131,Discovery Silver Corp.,TSX,6891556105.44,,,,,,
AII.TO,ALM0005,Almonty Industries Inc.,TSX,6696690360.12,,,,,,
MAU.TO,V-04671,Montage Gold Corp.,TSX,6504456550.43,,,,,,
PRU.TO,PER0013,Perseus Mining Limited,TSX,6404680457.02,,,,,,
NGEX.TO,V-04593,NGEx Minerals Ltd.,TSX,5503875836.4,,,,,,
KNT.TO,V-03719,K92 Mining Inc.,TSX,5460171516.24,,,,,,
TXG.TO,GLE0009,Torex Gold Resources Inc.,TSX,5269405013.85,,,,,,
EFR.TO,ENE0020,Energy Fuels Inc.,TSX,5148349672.2,,,,,,
OLA.TO,ORL0003,Orla Mining Ltd.,TSX,4798908998.39,,,,,,
SKE.TO,V-01797,Skeena Resources Limited,TSX,4705808184.0,,,,,,
CG.TO,CEN0015,Centerra Gold Inc.,TSX,4451938658.31,,,,,,
AAUC.TO,ALL0026,Allied Gold Corporation,TSX,4432019234.1,,,,,,
WGX.TO,WES0069,Westgold Resources Limited,TSX,4369960816.0,,,,,,
ARIS.TO,GRA0022,Aris Mining Corporation,TSX,4365734206.95,,,,,,
PDN.TO,X-1030,Paladin Energy Ltd.,TSX,4237449910.03,,,,,,
ERO.TO,ERO0001,Ero Copper Corp.,TSX,3949006648.16,,,,,,
SEA.TO,SEA0011,Seabridge Gold Inc.,TSX,3938999567.4,,,,,,
DML.TO,DEN0006,Denison Mines Corp.,TSX,3936870181.8,,,,,,
AYA.TO,MAY0003,Aya Gold & Silver Inc.,TSX,3850374258.14,,,,,,
NG.TO,NOV0006,Novagold Resources Inc.,TSX,3720859606.72,,,,,,
PPTA.TO,MID0012,Perpetua Resources Corp.,TSX,3682820440.32,,,,,,
FVI.TO,FOR0023,Fortuna Mining Corp.,TSX,3590387359.13,,,,,,
WDO.TO,RIV0002,Wesdome Gold Mines Ltd.,TSX,3588827233.7,,,,,,
TKO.TO,TAS0002,Trekor Metals Limited,TSX,3576568660.26,,,,,,
ALS.TO,ALT0013,Altius Minerals Corporation,TSX,3540698682.56,,,,,,
EDR.TO,END0005,Endeavour Silver Corp.,TSX,3485596977.83,,,,,,
PDI.TO,X-1500,Predictive Discovery Limited,TSX,3226607649.04,,,,,,
SVM.TO,SIL0011,Silvercorp Metals Inc.,TSX,3176245822.6,,,,,,
GTWO.TO,V-03674,G2 Goldfields Inc.,TSX,2433843775.77,,,,,,
SXGC.TO,MAW0001,Southern Cross Gold Consolidated Ltd.,TSX,2364866449.28,,,,,,
ABRA.TO,V-01325,AbraSilver Resource Corp.,TSX,2303393480.55,,,,,,
LUNR.TO,V-5087,LunR Royalties Corp.,TSX,2284822247.4,,,,,,
USA.TO,SCO0013,Americas Gold and Silver Corporation,TSX,2264878550.77,,,,,,
SGD.TO,V-04961,Snowline Gold Corp.,TSX,2257682253.2,,,,,,
CIA.TO,CHA0029,Champion Iron Limited,TSX,2189783465.02,,,,,,
IE.TO,IVA0004,Ivanhoe Electric Inc.,TSX,2184017809.54,,,,,,
SGML.V,V-03935,Sigma Lithium Corporation,TSXV,2017120000.0,,,,,,
SLS.TO,V-04652,Solaris Resources Inc.,TSX,1992844499.79,,,,,,
LAC.TO,LIT0005,Lithium Americas Corp.,TSX,1935013478.58,,,,,,
LAR.TO,WES0066,Lithium Argentina AG,TSX,1923590547.72,,,,,,
AFM.V,V-01105,Alphamin Resources Corp.,TSXV,1918783973.71,,,,,,
VMET.TO,V-5062,Versamet Royalties Corporation,TSX,1890534333.31,,,,,,
ALK.TO,X-1188,Alkane Resources Limited,TSX,1885362652.98,,,,,,
MSA.TO,MIN0036,Mineros S.A.,TSX,1872290672.61,,,,,,
LIF.TO,LAB0003,Labrador Iron Ore Royalty Corporation,TSX,1785600000.0,,,,,,
IAU.TO,I800001,i-80 Gold Corp.,TSX,1783213938.04,,,,,,
FDY.TO,FAR0008,Faraday Copper Corp.,TSX,1751766964.25,,,,,,
VZLA.TO,V-04494,Vizsla Silver Corp.,TSX,1635744485.8,,,,,,
CNL.TO,V-04532,Collective Mining Ltd.,TSX,1618339297.15,,,,,,
ELE.TO,V-02730,Elemental Royalty Corporation,TSX,1602245843.88,,,,,,
HMMC.TO,V-02897,Hemlo Mining Corp.,TSX,1561869731.36,,,,,,
MUX.TO,USG0001,McEwen Inc.,TSX,1547518085.2,,,,,,
ASM.TO,AVI0002,Avino Silver & Gold Mines Ltd.,TSX,1531213416.27,,,,,,
NDM.TO,NOR0075,Northern Dynasty Minerals Ltd.,TSX,1523061089.02,,,,,,
ORE.TO,V-04278,Orezone Gold Corporation,TSX,1507505631.4,,,,,,
OMG.V,V-00422,OMAI Gold Mines Corp.,TSXV,1492660692.38,,,,,,
RIO.TO,V-01608,Rio2 Limited,TSX,1458930686.78,,,,,,
FFM.TO,X-1028,FireFly Metals Ltd.,TSX,1391502602.08,,,,,,
GGD.TO,GOG0001,GoGold Resources Inc.,TSX,1378374055.98,,,,,,
OM.TO,V-01531,Osisko Metals Incorporated,TSX,1357798331.66,,,,,,
HSLV.TO,X-1129,Highlander Silver Corp.,TSX,1354799963.88,,,,,,
LMCU.TO,X-1509,Lumina Metals Corp.,TSX,1115277403.02,,,,,,
III.TO,IMP0004,Imperial Metals Corporation,TSX,1102879517.54,,,,,,
TALA.V,V-04782,Talamore Mining Corp.,TSXV,1100658335.4,,,,,,
PMET.TO,V-04908,PMET Resources Inc.,TSX,1080327673.81,,,,,,
NUAG.TO,V-01366,New Pacific Metals Corp.,TSX,1061105402.97,,,,,,
ODV.V,V-02643,Osisko Development Corp.,TSXV,1055053276.8,,,,,,
ARA.TO,ACL0001,Aclara Resources Inc.,TSX,1015898463.64,,,,,,
MARI.TO,COR0032,Marimaca Copper Corp.,TSX,1013701752.6,,,,,,
MTA.V,V-04409,Metalla Royalty & Streaming Ltd.,TSXV,1008247401.98,,,,,,
ARG.TO,AME0021,Amerigo Resources Ltd.,TSX,992863161.72,,,,,,
GRZ.V,V-03959,Gold Reserve Inc.,TSXV,961148714.5,,,,,,
SLI.V,V-01512,Standard Lithium Ltd.,TSXV,952311941.36,,,,,,
NCX.V,V-03877,NorthIsle Copper and Gold Inc.,TSXV,943415007.72,,,,,,
TLG.TO,TRO0007,Troilus Mining Corp.,TSX,924332733.85,,,,,,
ATX.TO,V-00604,ATEX Resources Inc.,TSX,914095960.48,,,,,,
MKO.V,V-02395,Mako Mining Corp.,TSXV,913507868.21,,,,,,
TLO.TO,BRA0017,Talon Metals Corp.,TSX,912274641.72,,,,,,
MOON.V,V-02541,Blue Moon Metals Inc.,TSXV,898767009.0,,,,,,
APM.TO,V-04572,Andean Precious Metals Corp.,TSX,878967938.58,,,,,,
FF.TO,FIR0127,First Mining Gold Corp.,TSX,858609494.88,,,,,,
ISO.TO,V-04315,IsoEnergy Ltd.,TSX,857634225.98,,,,,,
GSKR.V,V-04263,Goldsky Resources Corp.,TSXV,857144470.0,,,,,,
TMQ.TO,NOV0021,Trilogy Metals Inc.,TSX,855826369.44,,,,,,
SCZ.V,V-03875,Santacruz Silver Mining Ltd.,TSXV,850914430.8,,,,,,
NFG.V,V-04656,New Found Gold Corp.,TSXV,841231119.81,,,,,,
TAU.V,V-04078,Thesis Gold & Silver Inc.,TSXV,812820274.62,,,,,,
BZ.V,V-04048,Benz Mining Corp.,TSXV,798350257.6,,,,,,
LGD.TO,PIL0001,Liberty Gold Corp.,TSX,797230348.64,,,,,,
FWZ.V,V-04341,Fireweed Metals Corp.,TSXV,790145480.52,,,,,,
MNO.TO,V-01810,Meridian Mining PLC,TSX,776821622.4,,,,,,
URE.TO,URE0001,Ur-Energy Inc.,TSX,762877157.76,,,,,,
ITH.TO,INT0123,International Tower Hill Mines Ltd.,TSX,750899547.51,,,,,,
RML.V,V-01378,Rusoro Mining Ltd.,TSXV,723927842.22,,,,,,
ASE.V,V-03940,Asante Gold Corporation,TSXV,723349874.4,,,,,,
WRN.TO,WES0062,Western Copper and Gold Corporation,TSX,717928413.36,,,,,,
THX.V,V-01964,Thor Explorations Ltd.,TSXV,703234658.48,,,,,,
GAU.TO,KEE0001,Galiano Gold Inc.,TSX,692492959.7,,,,,,
NOU.TO,V-04015,Nouveau Monde Graphite Inc.,TSX,691140093.0,,,,,,
CTGO.TO,X-1494,Contango Silver & Gold Inc.,TSX,688846156.14,,,,,,
AMX.V,V-00103,Amex Exploration Inc.,TSXV,674609560.8,,,,,,
AUXX.V,V-03701,Gold X2 Mining Inc.,TSXV,651337713.04,,,,,,
ETG.TO,ENT0005,Entree Resources Ltd.,TSX,642401433.52,,,,,,
ECOR.TO,ANG0008,Ecora Royalties PLC,TSX,638978629.12,,,,,,
ITR.V,V-04384,Integra Resources Corp.,TSXV,638734732.65,,,,,,
BYN.V,V-03709,Banyan Gold Corp.,TSXV,611636844.24,,,,,,
QTWO.V,V-03655,Q2 Metals Corp.,TSXV,611456539.7,,,,,,
BSX.TO,BEL0018,Belo Sun Mining Corp.,TSX,590823251.2,,,,,,
URC.TO,V-04623,Uranium Royalty Corp.,TSX,577574477.58,,,,,,
UCU.V,V-02264,Ucore Rare Metals Inc.,TSXV,569331912.66,,,,,,
DBG.V,V-03670,Doubleview Gold Corp.,TSXV,565420294.3,,,,,,
FVL.TO,INT0028,Freegold Ventures Limited,TSX,554593699.2,,,,,,
MAI.V,V-02340,Mining Americas Inc.,TSXV,553044968.94,,,,,,
NICU.TO,V-03887,Magna Mining Inc.,TSX,524306869.79,,,,,,
TTS.V,V-01974,Tintina Mines Ltd.,TSXV,523754878.5,,,,,,
REG.V,V-03699,Regulus Resources Inc.,TSXV,519754925.52,,,,,,
GGA.V,SIE0004,Goldgroup Mining Inc.,TSXV,497855437.2,,,,,,
HSTR.V,V-01669,Heliostar Metals Ltd.,TSXV,497188665.5,,,,,,
ALDE.V,V-04511,Aldebaran Resources Inc.,TSXV,485637525.08,,,,,,
IFOS.V,V-04305,Itafos Inc.,TSXV,476377847.1,,,,,,
PML.V,V-01502,Panoro Minerals Ltd.,TSXV,474336664.34,,,,,,
CLCH.TO,X-1471,Clinch Resources Ltd.,TSX,472838818.97,,,,,,
VOXR.TO,V-04510,Vox Royalty Corp.,TSX,461641698.2,,,,,,
SLG.V,V-04448,San Lorenzo Gold Corp.,TSXV,454327596.4,,,,,,
FDR.V,V-04700,Founders Metals Inc.,TSXV,445890685.44,,,,,,
JAG.TO,JAG0003,Jaguar Mining Inc.,TSX,441160551.37,,,,,,
SLVR.TO,V-03695,Silver Tiger Metals Inc.,TSX,441115332.02,,,,,,
CAD.V,V-03080,Colonial Coal International Corp.,TSXV,424069186.79,,,,,,
SIG.V,V-05006,Sitka Gold Corp.,TSXV,423329680.0,,,,,,
SICO.V,V-04790,Silverco Mining Ltd.,TSXV,406063598.46,,,,,,
KRY.V,V-01047,Koryx Copper S.A.,TSXV,403390225.6,,,,,,
BRVO.V,V-04905,Bravo Mining Corp.,TSXV,400200564.96,,,,,,
SBI.TO,SER0009,Serabi Gold plc,TSX,399852662.4,,,,,,
TRX.TO,TAN0001,TRX Gold Corporation,TSX,399510769.68,,,,,,
GLAD.V,V-03855,Gladiator Metals Corp.,TSXV,392802916.87,,,,,,
VGZ.TO,VIS0005,Vista Gold Corp.,TSX,391203207.28,,,,,,
CDPR.V,V-5055,Cerro De Pasco Resources Inc.,TSXV,388692164.7,,,,,,
HCH.V,V-04834,Hot Chili Limited,TSXV,388184845.44,,,,,,
PCU.V,V-5072,Pecoy Copper Corp.,TSXV,387554378.05,,,,,,
LIFT.V,V-04991,Li-FT Power Ltd.,TSXV,385904075.65,,,,,,
FISH.V,V-04394,Sailfish Royalty Corp.,TSXV,383332196.16,,,,,,
WGO.V,V-01733,White Gold Corp.,TSXV,377400000.0,,,,,,
LA.V,V-00749,Los Andes Copper Limited,TSXV,371699431.13,,,,,,
SVRS.V,V-00834,Silver Storm Mining Ltd.,TSXV,364198833.0,,,,,,
CUU.V,V-00481,Copper Fox Metals Inc.,TSXV,363474991.32,,,,,,
EU.V,V-03124,enCore Energy Corp.,TSXV,359357166.45,,,,,,
NAU.V,V-03955,Nevgold Corp.,TSXV,355442780.16,,,,,,
SASK.V,V-05002,Atha Energy Corp.,TSXV,347315338.26,,,,,,
TNGD.V,V-04688,Tiernan Gold Corp.,TSXV,344261840.16,,,,,,
ERD.TO,ERD0001,Erdene Resource Development Corporation,TSX,343864026.14,,,,,,
GSVR.V,V-02080,Guanajuato Silver Company Ltd.,TSXV,342163760.52,,,,,,
GAL.V,V-00754,Galantas Gold Corporation,TSXV,338947642.0,,,,,,
RDS.V,V-01644,Radisson Mining Resources Inc.,TSXV,334967579.34,,,,,,
BRC.V,V-00075,Blackrock Silver Corp.,TSXV,333998595.69,,,,,,
CNC.V,V-04626,Canada Nickel Company Inc.,TSXV,332666208.16,,,,,,
STGO.TO,STE0019,Steppe Gold Ltd.,TSX,328675343.1,,,,,,
TUD.V,V-03156,Tudor Gold Corp.,TSXV,328358206.4,,,,,,
ANDC.V,V-5084,Andina Copper Corporation,TSXV,318704234.8,,,,,,
CAMB.V,V-5077,Cambria Gold Mines Inc.,TSXV,312864305.39,,,,,,
GLO.TO,V-00155,Global Atomic Corporation,TSX,303974955.32,,,,,,
ECU.V,V-04682,Element 29 Resources Inc.,TSXV,301916107.2,,,,,,
TI.TO,TIT0006,Titan Mining Corporation,TSX,300761598.24,,,,,,
MKA.V,V-02891,Mkango Resources Ltd.,TSXV,298344418.68,,,,,,
NEXG.V,TRE0011,NeXGold Mining Corp.,TSXV,293792937.88,,,,,,
PNPN.V,V-01012,Power Metallic Mines Inc.,TSXV,293550062.08,,,,,,
SAU.TO,RAT0001,St. Augustine Gold and Copper Limited,TSX,292216588.865,,,,,,
MACK.V,V-04523,Mackay Gold & Silver Corp.,TSXV,291439408.2,,,,,,
CBR.V,V-04244,Cabral Gold Inc.,TSXV,288110579.04,,,,,,
MOG.V,V-05016,Mogotes Metals Inc.,TSXV,287877315.55,,,,,,
SM.V,V-04725,Sierra Madre Gold and Silver Ltd.,TSXV,281483382.18,,,,,,
GOLD.TO,GOL0070,GoldMining Inc.,TSX,274680535.04,,,,,,
MMY.V,V-01301,Monument Mining Limited,TSXV,270050327.04,,,,,,
GQC.V,V-00813,GoldQuest Mining Corp.,TSXV,269097077.2,,,,,,
WRLG.V,V-00568,West Red Lake Gold Mines Ltd.,TSXV,268430267.3,,,,,,
LUCA.V,V-01809,Luca Mining Corp.,TSXV,267012727.41,,,,,,
CKG.V,V-00404,Chesapeake Gold Corp.,TSXV,261411070.6,,,,,,
VROY.V,V-05024,Vizsla Royalties Corp.,TSXV,256038531.8,,,,,,
BGAU.TO,X-1428,Blossom Gold Inc.,TSX,254024455.77,,,,,,
DNG.TO,DYN0019,Dynacor Group Inc.,TSX,253790070.6,,,,,,
PTM.TO,PLA0024,Platinum Group Metals Ltd.,TSX,245539415.04,,,,,,
HHH.V,V-03016,Helius Minerals Limited,TSXV,244618014.36,,,,,,
PGDC.V,V-02889,Patagonia Gold Corp.,TSXV,244270772.72,,,,,,
GOT.V,V-02469,Goliath Resources Limited,TSXV,242989001.95,,,,,,
TSK.TO,TAL0009,Talisker Resources Ltd.,TSX,237766485.9,,,,,,
LRA.V,V-01120,Lara Exploration Ltd.,TSXV,236389606.28,,,,,,
MFG.V,V-04701,Mayfair Gold Corp.,TSXV,234313351.04,,,,,,
KCP.V,V-04622,King Copper Discovery Corp.,TSXV,230321281.68,,,,,,
ARK.V,V-04892,Arras Minerals Corp.,TSXV,228818488.36,,,,,,
ZNG.V,V-04391,Group Eleven Resources Corp.,TSXV,225886168.8,,,,,,
CAPT.V,V-04653,Capitan Silver Corp.,TSXV,225267911.75,,,,,,
LUC.TO,LUC0004,Lucara Diamond Corp.,TSX,223652577.45,,,,,,
RM.TO,X-1433,Roxmore Resources Inc.,TSX,220871580.16,,,,,,
MLP.V,V-04291,Millennial Potash Corp.,TSXV,220478757.95,,,,,,
ORV.TO,ORV0001,Orvana Minerals Corp.,TSX,219963305.31,,,,,,
OGN.V,V-03712,Orogen Royalties Inc.,TSXV,219640639.5,,,,,,
AAG.V,V-03817,Aftermath Silver Ltd.,TSXV,218643912.32,,,,,,
GENM.TO,GEN0033,Generation Mining Limited,TSX,216302962.81,,,,,,
BNKR.TO,V-04982,Bunker Hill Mining Corp.,TSX,215726122.5,,,,,,
AHR.V,V-00093,Amarc Resources Ltd.,TSXV,214700000.0,,,,,,
TECT.V,V-04611,Tectonic Metals Inc.,TSXV,213232747.2,,,,,,
SURG.V,V-00808,Surge Copper Corp.,TSXV,212445465.65,,,,,,
CERT.V,V-04512,Cerrado Gold Inc.,TSXV,212436133.23,,,,,,
LIB.V,V-01754,Libertystream Infrastructure Partners Inc.,TSXV,209090566.45,,,,,,
AE.V,V-04726,American Eagle Gold Corp.,TSXV,209021082.6,,,,,,
GPH.V,V-02624,Graphite One Inc.,TSXV,208967736.0,,,,,,
RVG.V,V-02996,Revival Gold Inc.,TSXV,207558064.35,,,,,,
SCMI.V,V-03648,Selkirk Copper Mines Inc.,TSXV,207167378.52,,,,,,
SFR.V,V-00796,Sandfire Resources America Inc.,TSXV,204670558.8,,,,,,
MGA.TO,MEG0005,Mega Uranium Ltd.,TSX,203997338.67,,,,,,
VGC.TO,X-1578,Valor Gold Corp.,TSX,203500000.0,,,,,,
MGM.V,V-03831,Maple Gold Mines Ltd.,TSXV,203143449.3,,,,,,
PGLD.V,V-04499,P2 Gold Inc.,TSXV,200612576.88,,,,,,
STLR.TO,MON0004,STLLR Gold Inc.,TSX,199857765.36,,,,,,
AUMB.V,V-04468,1911 Gold Corporation,TSXV,198872888.32,,,,,,
ELO.TO,V-00622,Eloro Resources Ltd.,TSX,197966153.69,,,,,,
AGMR.TO,V-04853,Silver Mountain Resources Inc.,TSX,194546084.38,,,,,,
WPG.V,V-02229,West Point Gold Corp.,TSXV,193071335.18,,,,,,
PPP.V,V-02692,Prospector Metals Corp.,TSXV,191841738.0,,,,,,
SALT.V,V-04041,Atlas Salt Inc.,TSXV,191436052.5,,,,,,
MOLY.TO,X-1325,Greenland Resources Inc.,TSX,189848030.4,,,,,,
NCF.TO,NOR0082,Northcliff Resources Ltd.,TSX,188495298.3,,,,,,
GCU.TO,EXC0014,Gunnison Copper Corp.,TSX,186904797.37,,,,,,
SSV.V,V-01830,Southern Silver Exploration Corp.,TSXV,186299216.1,,,,,,
NILI.V,V-00480,Surge Battery Metals Inc.,TSXV,184983122.01,,,,,,
BMM.V,V-02234,Black Mammoth Metals Corporation,TSXV,184712515.13,,,,,,
AURO.V,V-04678,Auro Metals Inc.,TSXV,184561058.88,,,,,,
VMXX.V,V-03919,Valhalla Metals Inc.,TSXV,184361399.22,,,,,,
AGX.V,V-03091,Silver X Mining Corp.,TSXV,183511516.8,,,,,,
BIG.V,V-04479,Hercules Metals Corp.,TSXV,182503115.76,,,,,,
EM.V,V-5099,Errington Metals Corp.,TSXV,182141641.16,,,,,,
GHRT.V,V-05027,Greenheart Gold Inc.,TSXV,179996351.64,,,,,,
KTO.V,V-04033,K2 Gold Corporation,TSXV,176834361.23,,,,,,
KLD.V,V-04594,Kenorland Minerals Ltd.,TSXV,172891601.28,,,,,,
FTZ.V,V-00457,Fitzroy Minerals Inc.,TSXV,170668861.48,,,,,,
FEO.V,V-01479,Oceanic Iron Ore Corp.,TSXV,170362796.1,,,,,,
FPC.V,V-03634,Falco Resources Ltd.,TSXV,169921282.6,,,,,,
MGG.V,V-03086,Minaurum Silver Inc.,TSXV,166833266.18,,,,,,
SPA.V,V-01800,Spanish Mountain Gold Ltd.,TSXV,165464924.625,,,,,,
WM.TO,WAL0006,Wallbridge Mining Company Limited,TSX,164776491.09,,,,,,
APGO.V,V-00100,Apollo Silver Corp.,TSXV,164275277.4,,,,,,
AXO.V,V-5066,Axo Metals Corp.,TSXV,162261264.75,,,,,,
ROCK.V,V-00266,Trident Resources Corp.,TSXV,159437090.73,,,,,,
LAM.TO,LAR0004,Laramide Resources Ltd.,TSX,159267080.0,,,,,,
GRSL.V,V-04323,GR Silver Mining Ltd.,TSXV,157903315.23,,,,,,
NIM.V,V-00933,Nicola Mining Inc.,TSXV,156077482.12,,,,,,
GG.V,V-02849,Golconda Gold Ltd.,TSXV,155654969.16,,,,,,
LG.V,V-04870,Lahontan Gold Corp.,TSXV,153424427.885,,,,,,
CGNT.V,V-02917,Copper Giant Resources Corp.,TSXV,152503342.56,,,,,,
SCOT.V,V-03879,Scottie Resources Corp.,TSXV,152351777.16,,,,,,
PPX.V,V-01783,PPX Mining Corp.,TSXV,152146744.925,,,,,,
LTH.V,V-04721,Lithium Ionic Corp.,TSXV,147975906.75,,,,,,
CYG.V,V-04537,Cygnus Metals Limited,TSXV,146509600.8,,,,,,
FURY.TO,AUR0018,Fury Gold Mines Limited,TSX,142592895.75,,,,,,
KFR.V,V-04507,Kingfisher Metals Corp.,TSXV,138953498.1,,,,,,
GGO.V,V-01357,Galleon Gold Corp.,TSXV,136469682.98,,,,,,
FLCN.V,V-01758,Falcon Energy Materials PLC,TSXV,136224314.4,,,,,,
OCG.TO,V-01295,Outcrop Silver & Gold Corporation,TSX,135566174.975,,,,,,
MMA.V,V-02718,Midnight Sun Mining Corp.,TSXV,134896251.38,,,,,,
TDG.V,V-04490,TDG Gold Corp.,TSXV,134359061.76,,,,,,
EXN.V,EXC0010,Excellon Resources Inc.,TSXV,132776914.935,,,,,,
KTN.V,V-01099,Kootenay Silver Inc.,TSXV,132500025.42,,,,,,
BRAU.V,V-00089,Big Ridge Gold Corp.,TSXV,132450505.2,,,,,,
SVE.V,V-02753,Silver One Resources Inc.,TSXV,132242752.5,,,,,,
FAN.V,V-04132,First Atlantic Nickel & Cobalt Corp.,TSXV,131505611.72,,,,,,
NRC.V,V-05017,Nations Royalty Corp.,TSXV,130393735.08,,,,,,
DMX.V,V-00458,District Metals Corp.,TSXV,129749046.28,,,,,,
TUNG.V,V-5104,American Tungsten Corp,TSXV,129459648.48,,,,,,
ONYX.V,V-04972,Onyx Gold Corp.,TSXV,129297941.76,,,,,,
BOGO.V,V-05020,Borealis Mining Company Limited,TSXV,128405237.49,,,,,,
OMI.V,ORO0008,Orosur Mining Inc.,TSXV,128321623.68,,,,,,
AGAG.V,V-02136,Argenta Silver Corp.,TSXV,127748500.88,,,,,,
RUA.TO,V-05019,Rua Gold Inc.,TSX,127568704.71,,,,,,
YARR.V,V-02430,Pirate Gold Corp.,TSXV,125756191.912,,,,,,
LITH.V,V-03725,Lithium Chile Inc.,TSXV,125065106.88,,,,,,
AGA.V,V-5034,Silver47 Exploration Corp.,TSXV,121021845.9,,,,,,
OCO.V,V-02769,Oroco Resource Corp.,TSXV,120603032.91,,,,,,
NEXM.V,V-03777,NexMetals Mining Corp.,TSXV,120490794.32,,,,,,
PWM.V,V-02549,Power Metals Corp.,TSXV,120413300.7,,,,,,
FPX.V,V-00708,FPX Nickel Corp.,TSXV,118500000.0,,,,,,
CCM.TO,CAN0049,Canagold Resources Ltd.,TSX,117672371.3,,,,,,
TUF.V,V-01944,Honey Badger Silver Inc.,TSXV,116704307.52,,,,,,
EMPR.V,V-04683,Empress Royalty Corp.,TSXV,116156795.46,,,,,,
FL.V,V-00930,Frontier Lithium Inc.,TSXV,115260838.86,,,,,,
LGC.V,V-04871,Lavras Gold Corp.,TSXV,112648758.23,,,,,,
LI.V,V-01262,American Lithium Corp.,TSXV,112492444.24,,,,,,
GMX.TO,GLO0015,Globex Mining Enterprises Inc.,TSX,112295586.92,,,,,,
SOI.V,V-01796,Sirios Resources Inc.,TSXV,110850120.15,,,,,,
HI.V,V-02361,Highland Copper Company Inc.,TSXV,110728218.3,,,,,,
TUO.V,V-01956,Teuton Resources Corp.,TSXV,110164261.04,,,,,,
FSY.TO,FOR0019,Forsys Metals Corp.,TSX,110126460.15,,,,,,
AEC.V,V-03758,Anfield Energy Inc.,TSXV,109409856.0,,,,,,
ECR.V,V-02425,Cartier Resources Inc.,TSXV,109309234.3,,,,,,
XTG.TO,XTR0002,Xtra-Gold Resources Corp.,TSX,107384316.27,,,,,,
SUM.V,V-5081,Summit Royalties Ltd.,TSXV,104395145.1,,,,,,
MJS.V,V-01204,Majestic Gold Corp.,TSXV,104266438.1,,,,,,
FMAN.V,V-04845,Freeman Gold Corp.,TSXV,103934247.14,,,,,,
IPT.V,V-00951,IMPACT Silver Corp.,TSXV,103111673.91,,,,,,
NCAU.V,V-03145,Newcore Gold Ltd.,TSXV,101626083.0,,,,,,
SLR.TO,SOL0007,Solitario Resources Corp.,TSX,101316343.32,,,,,,
EMO.V,V-03654,Emerita Resources Corp.,TSXV,99369025.93,,,,,,
CCCM.V,V-03842,C3 Metals Inc.,TSXV,98975036.24,,,,,,
NKL.V,V-04608,Nickel 28 Capital Corp.,TSXV,98965804.15,,,,,,
FT.TO,FOR0013,Fortune Minerals Limited,TSX,98461341.75,,,,,,
CVV.V,V-00323,Canalaska Uranium Ltd.,TSXV,98318451.745,,,,,,
ETL.V,V-00189,E3 Lithium Ltd.,TSXV,98205031.68,,,,,,
SOMA.V,V-03692,Soma Gold Corp.,TSXV,97903881.27,,,,,,
RCK.V,V-00857,Rock Tech Lithium Inc.,TSXV,97199987.85,,,,,,
HAN.V,V-00391,Hannan Metals Ltd.,TSXV,95579459.58,,,,,,
VCU.V,V-04789,Vizsla Copper Corp.,TSXV,95205276.24,,,,,,
ADE.V,V-02548,Adex Mining Inc.,TSXV,94809601.74,,,,,,
ADY.V,V-04534,Adyton Resources Corporation,TSXV,94512565.5,,,,,,
ELBM.V,V-04064,Electra Battery Materials Corporation,TSXV,92870434.62,,,,,,
SGO.V,V-00218,Sonoro Gold Corp.,TSXV,92210286.825,,,,,,
EDCU.V,V-03990,Edge Copper Corporation,TSXV,92089552.5,,,,,,
LGO.TO,LAR0005,Largo Inc.,TSX,90566384.48,,,,,,
SHL.V,V-01842,Homeland Nickel Inc.,TSXV,89787421.165,,,,,,
SGQ.V,SOU0021,SouthGobi Resources Ltd.,TSXV,89095399.8,,,,,,
THM.V,V-03647,"Thunder Mountain Gold, Inc.",TSXV,89083469.53,,,,,,
INTR.V,V-01147,Intrepid Metals Corp.,TSXV,88352913.935,,,,,,
BRO.V,V-00961,Barksdale Resources Corp.,TSXV,87912828.9,,,,,,
YGT.V,V-02870,Gold Terra Resource Corp.,TSXV,86736784.54,,,,,,
EDG.V,V-00633,Endurance Gold Corporation,TSXV,86053596.06,,,,,,
ARIC.V,V-04294,Awale Resources Limited,TSXV,85677790.32,,,,,,
FUU.V,V-04169,F3 Uranium Corp.,TSXV,85512921.345,,,,,,
REVX.V,V-03026,Rev Exploration Corp.,TSXV,85299157.18,,,,,,
AUAU.V,V-04397,A2 Gold Corp.,TSXV,85150226.94,,,,,,
SYH.V,V-01801,Skyharbour Resources Ltd.,TSXV,85142060.85,,,,,,
MSR.V,V-02888,Minsud Resources Corp.,TSXV,84633707.5,,,,,,
S.TO,SHE0006,Sherritt International Corporation,TSX,84476090.88,,,,,,
WVM.V,V-02617,West Vault Mining Inc.,TSXV,84209570.7,,,,,,
ABI.V,V-00017,Abcourt Mines Inc.,TSXV,83555410.4,,,,,,
LEM.V,V-03802,Leading Edge Materials Corp.,TSXV,82409743.68,,,,,,
CRE.V,V-02461,Critical Elements Lithium Corporation,TSXV,82374083.56,,,,,,
ZEN.V,V-03706,Zentek Ltd.,TSXV,82302695.8,,,,,,
AZS.V,V-03888,Arizona Gold & Silver Inc.,TSXV,82214908.2,,,,,,
DAN.V,V-02212,Arianne Phosphate Inc.,TSXV,82109485.73,,,,,,
SCD.V,V-04401,Scandium Canada Ltd.,TSXV,82048568.7,,,,,,
SGN.V,V-02529,Scorpio Gold Corporation,TSXV,81766582.38,,,,,,
NEXT.TO,ENE0022,NextSource Materials Inc.,TSX,80654166.12,,,,,,
LVX.V,V-04696,Leviathan Metals Corp.,TSXV,80217512.16,,,,,,
AGLD.V,V-04307,Austral Gold Limited,TSXV,80172441.48,,,,,,
ASTR.V,V-04733,Astra Exploration Inc.,TSXV,79712329.0,,,,,,
PGE.V,V-02358,Stillwater Critical Minerals Corp.,TSXV,79315551.645,,,,,,
GWM.V,V-04096,Galway Metals Inc.,TSXV,76089876.8,,,,,,
SRL.V,V-01097,Salazar Resources Limited,TSXV,74223407.16,,,,,,
NWST.V,V-01768,Northwest Copper Corp.,TSXV,74187723.5,,,,,,
AAN.V,V-02881,Aton Resources Inc.,TSXV,73923559.54,,,,,,
COSA.V,V-04985,Cosa Resources Corp.,TSXV,73454464.66,,,,,,
UGD.V,V-02042,Unigold Inc.,TSXV,72950320.655,,,,,,
ROS.V,V-01715,Roscan Gold Corporation,TSXV,72354926.325,,,,,,
PEAK.V,V-04659,Sun Peak Metals Corp.,TSXV,71434480.26,,,,,,
BMR.V,V-04488,Battery Mineral Resources Corp.,TSXV,71047819.33,,,,,,
NOAL.V,V-04443,NOA Lithium Brines Inc.,TSXV,70730828.75,,,,,,
NKG.V,V-01692,Nevada King Gold Corp.,TSXV,70256839.1,,,,,,
GSR.V,V-02307,Gold Strike Resources Corp.,TSXV,70220885.85,,,,,,
ESK.V,V-01075,Eskay Mining Corp.,TSXV,69962671.125,,,,,,
WHN.V,V-03704,Westhaven Gold Corp.,TSXV,68944180.27,,,,,,
GFG.V,V-04020,GFG Resources Inc.,TSXV,68446191.375,,,,,,
DRY.V,V-04992,Dryden Gold Corp.,TSXV,68049518.6,,,,,,
RYR.V,V-03748,Royal Road Minerals Limited,TSXV,67785214.52,,,,,,
RARE.V,V-04981,Tactical Resources Corp.,TSXV,67702650.4,,,,,,
TIGR.V,V-04739,Tiger Gold Corp.,TSXV,67632958.72,,,,,,
KDK.V,V-02217,Kodiak Copper Corp.,TSXV,67268188.76,,,,,,
ALTA.V,V-02021,Altamira Gold Corp.,TSXV,66710561.85,,,,,,
GPAC.V,V-04639,Great Pacific Gold Corp.,TSXV,66639478.1,,,,,,
DEF.V,V-02819,Defiance Silver Corp.,TSXV,65828228.025,,,,,,
KLDC.V,V-02124,Kirkland Lake Discoveries Corp.,TSXV,65801345.92,,,,,,
EOX.V,EUR0015,Euromax Resources Ltd.,TSXV,65612226.61,,,,,,
PGZ.V,V-02401,Pan Global Resources Inc.,TSXV,65569708.08,,,,,,
B.V,V-02360,BCM Resources Corporation,TSXV,65054085.475,,,,,,
RPX.V,V-02089,RPX Gold Inc.,TSXV,64668553.625,,,,,,
GLDC.V,V-03711,Cassiar Gold Corp.,TSXV,64601058.0,,,,,,
EQTY.V,V-01364,Equity Metals Corporation,TSXV,64530555.45,,,,,,
ELR.TO,ELG0001,Eastern Platinum Limited,TSX,62827384.93,,,,,,
GPG.V,V-00853,Grande Portage Resources Ltd.,TSXV,61979975.42,,,,,,
GTC.V,V-00782,Getty Copper Inc.,TSXV,61940214.85,,,,,,
LEGY.V,V-04974,Legacy Gold Mines Ltd.,TSXV,61722537.23,,,,,,
ALEX.V,V-04803,Alpha Exploration Ltd.,TSXV,61423616.67,,,,,,
WAM.V,V-04815,Alaska Silver Corp.,TSXV,61368013.5,,,,,,
SEVA.V,V-00786,Seva Mining Corp.,TSXV,61108404.025,,,,,,
OGW.V,V-00863,Ongwe Minerals Inc.,TSXV,61029173.92,,,,,,
ESM.TO,EUR0016,Euro Sun Mining Inc.,TSX,59886625.455,,,,,,
ANK.V,V-03680,Angkor Resources Corp.,TSXV,59777636.78,,,,,,
CAM.V,V-04968,Cascadia Minerals Ltd.,TSXV,59615951.73,,,,,,
AZM.V,V-00186,Azimut Exploration Inc.,TSXV,59554192.9,,,,,,
DEFN.V,V-04400,Defense Metals Corp.,TSXV,59272207.5,,,,,,
PRG.V,V-04011,Precipitate Gold Corp.,TSXV,59037876.44,,,,,,
COPR.TO,COP0013,Coppernico Metals Inc.,TSX,58870835.87,,,,,,
TNR.V,V-01912,TNR Gold Corp.,TSXV,58305536.1,,,,,,
BPAG.V,V-04541,BP Silver Corp.,TSXV,57890211.98,,,,,,
GSP.V,V-00161,Gensource Potash Corporation,TSXV,57401592.12,,,,,,
RTG.TO,RAT0002,RTG Mining Inc.,TSX,57351162.33,,,,,,
CTM.V,V-00553,Canterra Minerals Corporation,TSXV,57230613.325,,,,,,
RK.V,V-02809,Rockhaven Resources Ltd.,TSXV,57096611.715,,,,,,
KC.V,V-01028,Kutcho Copper Corp.,TSXV,56828238.08,,,,,,
NMC.V,V-04881,Nuvau Minerals Inc.,TSXV,55899631.36,,,,,,
VUL.V,V-02119,Vulcan Minerals Inc.,TSXV,55858031.14,,,,,,
IVS.V,V-02607,Inventus Mining Corp.,TSXV,55260195.25,,,,,,
LME.V,V-01127,Laurion Mineral Exploration Inc.,TSXV,55112204.94,,,,,,
TK.V,V-01973,Tinka Resources Limited,TSXV,54846746.73,,,,,,
TSG.V,V-03149,Tristar Gold Inc.,TSXV,54586853.44,,,,,,
LIO.V,V-02184,Lion One Metals Limited,TSXV,54385343.325,,,,,,
AZEM.V,V-5060,Arizona Eagle Mining Corp.,TSXV,54015199.75,,,,,,
TAJ.V,V-02950,Tajiri Resources Corp.,TSXV,52976527.6,,,,,,
EML.V,V-04530,Electric Metals (USA) Limited,TSXV,52489690.24,,,,,,
MD.V,V-02479,Midland Exploration Inc.,TSXV,52417221.78,,,,,,
CANX.V,V-01406,Canex Metals Inc.,TSXV,52256965.5,,,,,,
GLB.V,V-00199,Goldbank Mining Corporation,TSXV,51980731.02,,,,,,
LVG.V,V-03957,Lake Victoria Gold Ltd.,TSXV,51890629.18,,,,,,
RGC.V,V-04979,Relevant Gold Corp.,TSXV,51481537.45,,,,,,
NMI.V,V-04356,Namibia Critical Metals Inc.,TSXV,51389091.38,,,,,,
SAG.V,V-01126,Sterling Metals Corp.,TSXV,50864453.2,,,,,,
SCY.V,GOL0061,Scandium International Mining Corp.,TSXV,50170513.82,,,,,,
PHNM.V,V-02518,Phenom Resources Corp.,TSXV,49827418.92,,,,,,
VIPR.V,V-04371,Silver Viper Minerals Corp.,TSXV,49200000.0,,,,,,
ZAU.V,V-04999,Zodiac Gold Inc.,TSXV,48739155.42,,,,,,
HART.V,V-5056,Gold Hart Copper Corp.,TSXV,48535080.24,,,,,,
GBU.V,V-04407,Gabriel Resources Ltd.,TSXV,48514102.175,,,,,,
SAGA.V,V-05029,Saga Metals Corp.,TSXV,48488738.0,,,,,,
GMA.V,V-03636,Geomega Resources Inc.,TSXV,48467220.92,,,,,,
FOXT.V,V-02348,Fox Tungsten Ltd.,TSXV,48105137.5,,,,,,
LCE.V,V-00515,Century Lithium Corp.,TSXV,47840051.705,,,,,,
HMR.V,V-02202,Homerun Resources Inc.,TSXV,47173303.85,,,,,,
BBB.V,V-02886,Brixton Metals Corporation,TSXV,46748934.54,,,,,,
GUN.V,V-00412,Gunpoint Exploration Ltd.,TSXV,46620547.74,,,,,,
KG.V,V-01088,Klondike Gold Corp.,TSXV,45893412.675,,,,,,
VIO.V,V-02107,Vior Gold Corporation Inc.,TSXV,45716676.06,,,,,,
PUR.V,V-04993,Premier American Uranium Inc.,TSXV,45429748.6,,,,,,
FMS.V,V-03127,Focus Graphite Inc.,TSXV,45363109.71,,,,,,
SRC.V,V-03801,Stakeholder Gold Corp.,TSXV,45325119.84,,,,,,
SAM.TO,STA0034,Starcore International Mines Ltd.,TSX,44661128.16,,,,,,
FOR.V,V-04300,Fortune Bay Corp.,TSXV,44054336.34,,,,,,
XXIX.V,V-04459,XXIX Metal Corp.,TSXV,43999348.565,,,,,,
TVI.V,V-04310,TVI Pacific Inc.,TSXV,43715222.34,,,,,,
JUGR.V,V-02404,Juggernaut Exploration Ltd.,TSXV,43649663.68,,,,,,
ONAU.V,V-05012,OnGold Resources Ltd.,TSXV,43638412.49,,,,,,
MSG.V,V-05028,Mithril Silver and Gold Limited,TSXV,42173495.55,,,,,,
XGC.V,V-04256,Xali Gold Corp.,TSXV,41932669.2,,,,,,
FTUR.V,V-01749,Future Fuels Inc.,TSXV,41846662.135,,,,,,
AVL.TO,AVA0002,Avalon Advanced Materials Inc.,TSX,41781439.8,,,,,,
MUN.V,V-03869,Mundoro Capital Inc.,TSXV,41640917.77,,,,,,
WHY.V,V-02355,West High Yield (W.H.Y.) Resources Ltd.,TSXV,41489221.82,,,,,,
NPR.V,V-03920,North Peak Resources Ltd.,TSXV,41419345.7,,,,,,
VML.V,V-04060,Viscount Mining Corp.,TSXV,41402465.38,,,,,,
EDM.V,V-01489,EDM Resources Inc.,TSXV,41239807.23,,,,,,
TITI.V,V-5098,Titiminas Silver Inc.,TSXV,41074850.3,,,,,,
QZM.V,V-01620,Quartz Mountain Resources Ltd.,TSXV,41010135.65,,,,,,
VCG.V,V-03812,Visionary Copper and Gold Mines Inc.,TSXV,40999198.2,,,,,,
NPK.TO,VER0016,Verde Agritech Ltd,TSX,40639481.28,,,,,,
RME.V,V-00287,Roland Minerals Enterprises Corp.,TSXV,40625111.31,,,,,,
AZT.V,V-04340,Aztec Minerals Corp.,TSXV,40609528.52,,,,,,
MMET.V,V-5100,Miata Metals Corp.,TSXV,40182671.36,,,,,,
MMG.V,V-03775,Metallic Minerals Corp.,TSXV,40144420.012,,,,,,
KCC.V,V-02984,Kincora Copper Limited,TSXV,40051104.24,,,,,,
BUFF.V,V-5088,Buffalo Potash Corporation,TSXV,39543523.43,,,,,,
BRW.V,V-02235,Brunswick Exploration Inc.,TSXV,39534898.34,,,,,,
QGR.V,V-01616,Q-Gold Resources Ltd.,TSXV,39408869.95,,,,,,
COR.V,V-03108,Camino Minerals Corporation,TSXV,39277201.48,,,,,,
PX.V,V-02903,Pelangio Exploration Inc.,TSXV,38984521.975,,,,,,
MANU.V,V-00936,Manhattan Uranium Discovery Corp.,TSXV,38528181.3,,,,,,
SMN.V,V-02701,Sun Summit Minerals Corp.,TSXV,38103053.52,,,,,,
TIG.V,V-02367,Triumph Gold Corp.,TSXV,37918432.44,,,,,,
VLC.V,V-04079,Velocity Minerals Ltd.,TSXV,37838578.545,,,,,,
STRR.V,V-04698,Star Royalties Ltd.,TSXV,37386209.715,,,,,,
BKM.V,V-01475,Pacific Booker Minerals Inc.,TSXV,37376032.42,,,,,,
BTR.V,V-02955,Bonterra Resources Inc.,TSXV,37221272.9,,,,,,
KNG.V,V-02027,Kingsmen Resources Ltd.,TSXV,36939702.02,,,,,,
BKI.TO,BLA0018,Black Iron Inc.,TSX,36555248.18,,,,,,
PJX.V,V-03862,PJX Resources Inc.,TSXV,36449115.69,,,,,,
BAU.V,V-03118,Blue Star Gold Corp.,TSXV,36288859.95,,,,,,
DAU.V,V-00542,Desert Gold Ventures Inc.,TSXV,36063909.9,,,,,,
FNC.V,V-00690,Fancamp Exploration Ltd.,TSXV,36000000.0,,,,,,
ATY.V,V-03960,Atico Mining Corporation,TSXV,35363728.53,,,,,,
TGOL.V,V-00331,Thunder Gold Corp.,TSXV,35357665.4,,,,,,
SMD.V,V-01876,Strategic Metals Ltd.,TSXV,34982629.605,,,,,,
LAF.V,V-5036,Lithium Africa Corp.,TSXV,34969643.8,,,,,,
CLCO.V,V-05021,Culico Metals Inc.,TSXV,34715413.17,,,,,,
JAY.V,V-5105,Blue Jay Gold Corp.,TSXV,34711670.82,,,,,,
DLP.V,V-04429,DLP Resources Inc.,TSXV,34691006.22,,,,,,
WEX.V,V-03791,Western Exploration Inc.,TSXV,34334997.95,,,,,,
EMNT.V,V-04062,Eminent Gold Corp.,TSXV,34010703.76,,,,,,
AMM.V,FAI0002,Almaden Minerals Ltd.,TSXV,33653979.345,,,,,,
MERG.V,V-04723,Metal Energy Corp.,TSXV,33577346.88,,,,,,
SPC.V,V-04703,SPC Nickel Corp.,TSXV,33514036.875,,,,,,
CD.V,V-00350,Cantex Mine Development Corp.,TSXV,33438579.72,,,,,,
GEMG.V,V-5090,Gemdale Gold Inc.,TSXV,33154246.32,,,,,,
CLM.V,V-01051,Consolidated Lithium Metals Inc.,TSXV,32809335.9,,,,,,
KRI.V,V-04506,Kobo Resources Inc.,TSXV,32478205.44,,,,,,
RSM.V,V-02216,Resouro Strategic Metals Inc.,TSXV,31320000.0,,,,,,
V.V,V-04930,Verdera Energy Corp.,TSXV,31062397.025,,,,,,
PNTR.V,V-00172,Pantera Silver Corp.,TSXV,31008685.46,,,,,,
CGM.V,V-02650,Canadian Goldfields Discovery Corp.,TSXV,30643321.98,,,,,,
CCMM.V,V-04833,Coyote Copper Mines Inc.,TSXV,30498196.0,,,,,,
EMM.V,V-02725,Giyani Metals Corp.,TSXV,30045332.25,,,,,,
AUM.V,V-05014,AuMega Metals Ltd.,TSXV,30031348.025,,,,,,
STUD.V,V-04159,Stallion Uranium Corp.,TSXV,30026506.0,,,,,,
LBNK.V,V-04872,LithiumBank Resources Corp.,TSXV,29916890.52,,,,,,
MSV.TO,MIN0027,Minco Silver Corporation,TSX,29888165.255,,,,,,
W.V,V-01277,Spartan Metals Corp.,TSXV,29779938.65,,,,,,
JG.V,V-01732,Japan Gold Corp.,TSXV,29206944.875,,,,,,
CDA.V,V-03003,Canuc Resources Corporation,TSXV,29178563.0,,,,,,
SPMC.V,V-04551,South Pacific Metals Corp.,TSXV,29038808.4,,,,,,
MOO.V,V-04637,Moon River Moly Ltd.,TSXV,28908106.92,,,,,,
NVLH.V,V-5037,Nevada Lithium Resources Inc.,TSXV,28534169.51,,,,,,
TSLV.V,V-04755,Tier One Silver Inc.,TSXV,28460614.16,,,,,,
ROAR.V,V-01084,Lion Rock Resources Inc.,TSXV,28387357.67,,,,,,
VM.V,V-04006,Voyageur Pharmaceuticals Ltd.,TSXV,28292794.0,,,,,,
MCC.V,V-04785,Morocco Strategic Minerals Corporation,TSXV,28200000.0,,,,,,
NVO.TO,V-04252,Novo Resources Corp.,TSX,28119163.735,,,,,,
SEND.V,V-04987,Sendero Resources Corp.,TSXV,27877104.15,,,,,,
LMS.V,V-02310,Latin Metals Inc.,TSXV,27800000.0,,,,,,
DLTA.V,V-00828,Delta Resources Limited,TSXV,27753857.62,,,,,,
TRR.V,V-03685,Terra Rossa Gold Ltd.,TSXV,27737037.14,,,,,,
TWR.V,V-01991,Tower Resources Ltd.,TSXV,27724976.16,,,,,,
FRED.V,V-04076,Fredonia Mining Inc.,TSXV,27237441.42,,,,,,
SRA.V,V-03956,Stria Lithium Inc.,TSXV,27031351.75,,,,,,
MRZ.V,V-01296,Mirasol Resources Ltd.,TSXV,27022142.645,,,,,,
MRZL.V,V-00443,Mont Royal Resources Limited,TSXV,26949031.76,,,,,,
MN.V,V-02863,Manganese X Energy Corp.,TSXV,26817325.04,,,,,,
RAK.V,V-03922,Rackla Metals Inc.,TSXV,26455242.315,,,,,,
IGO.V,V-03917,Independence Gold Corp.,TSXV,26394785.2,,,,,,
TRBC.V,V-00704,Tribeca Resources Corporation,TSXV,26308200.33,,,,,,
PTU.V,V-01613,Purepoint Uranium Group Inc.,TSXV,26194115.97,,,,,,
YRB.TO,YOR0001,Yorbeau Resources Inc.,TSX,26143608.15,,,,,,
GSTM.V,V-04928,Goldstorm Metals Corp.,TSXV,25609607.28,,,,,,
VCT.V,V-01985,Volt Carbon Technologies Inc.,TSXV,25588022.26,,,,,,
KIRO.V,V-5096,Kairos Gold Inc.,TSXV,25464970.88,,,,,,
PUMA.V,V-01611,Puma Exploration Inc.,TSXV,25251878.625,,,,,,
RDG.V,V-04657,Ridgeline Minerals Corp.,TSXV,25235746.725,,,,,,
GRL.V,V-5058,GreenLight Metals Inc.,TSXV,24830920.5,,,,,,
SAGE.V,V-04951,Sage Potash Corp.,TSXV,24829601.785,,,,,,
WML.V,V-02139,Wealth Minerals Ltd.,TSXV,24825982.415,,,,,,
STE.V,V-01029,Starr Peak Mining Ltd.,TSXV,24651558.32,,,,,,
OTMC.V,V-01714,Oreterra Metals Corp.,TSXV,24599669.32,,,,,,
DEX.V,V-04436,Almadex Minerals Ltd.,TSXV,24524359.2,,,,,,
GRDM.V,V-01324,Grid Metals Corp.,TSXV,24468892.035,,,,,,
PER.V,V-00581,Peruvian Metals Corp.,TSXV,24409514.25,,,,,,
OZ.V,V-04836,Valkea Resources Corp.,TSXV,24351907.79,,,,,,
MCI.V,V-03664,Minnova Corp.,TSXV,24287015.025,,,,,,
SNAG.V,V-02278,Silver North Resources Ltd.,TSXV,24265321.425,,,,,,
ARU.V,V-04112,Aurania Resources Ltd.,TSXV,23977525.425,,,,,,
BEX.V,V-04035,Benton Resources Inc.,TSXV,23623094.25,,,,,,
ANOR.V,V-00932,Anortech Inc.,TSXV,23613529.94,,,,,,
USCU.V,V-02673,US Copper Corp.,TSXV,23493944.1,,,,,,
STS.V,V-01821,South Star Battery Metals Corp.,TSXV,23413584.315,,,,,,
RRI.V,V-02572,Riverside Resources Inc.,TSXV,23360866.0,,,,,,
BVA.V,V-03121,Bravada Gold Corporation,TSXV,23346647.01,,,,,,
TWO.V,V-00054,T2 Metals Corp.,TSXV,23231858.96,,,,,,
CVB.V,V-01393,Compass Gold Corporation,TSXV,23135343.15,,,,,,
EPL.V,V-00603,Eagle Plains Resources Ltd.,TSXV,23040445.4,,,,,,
NIO.V,V-04223,Nio Strategic Metals Inc.,TSXV,22921060.0,,,,,,
ALGR.V,V-03724,Algo Grande Copper Corp.,TSXV,22863462.84,,,,,,
EAM.V,V-04137,East Africa Metals Inc.,TSXV,22862753.365,,,,,,
IRO.V,V-00992,Inter-Rock Minerals Inc.,TSXV,22573315.44,,,,,,
VLLC.V,V-5107,Argentina Metals Corp.,TSXV,22545603.045,,,,,,
CDB.V,V-03662,Cordoba Minerals Corp.,TSXV,22436176.85,,,,,,
NGC.V,V-03762,Northern Graphite Corporation,TSXV,22411845.18,,,,,,
RLYG.V,V-04236,Riley Gold Corp.,TSXV,22231427.855,,,,,,
EVI.V,V-04837,Eastport Critical Metals Corp.,TSXV,22103910.84,,,,,,
NTH.V,V-01341,Nord Precious Metals Mining Inc.,TSXV,22020654.24,,,,,,
FFOX.V,V-04525,FireFox Gold Corp.,TSXV,21879911.52,,,,,,
AMC.TO,V-04422,Arizona Metals Corp.,TSX,21865653.28,,,,,,
BSK.V,V-02320,Blue Sky Uranium Corp.,TSXV,21711558.3,,,,,,
VO.V,V-02855,ValOre Metals Corp.,TSXV,21671095.61,,,,,,
EVNI.V,V-04820,EV Nickel Inc.,TSXV,21609572.4,,,,,,
CCMC.V,V-04220,Core Critical Metals Corp.,TSXV,21351865.5,,,,,,
TOTC.V,V-04953,Totec Resources Ltd.,TSXV,21255038.75,,,,,,
GRC.TO,SOU0020,Gold Springs Resource Corp.,TSX,21226011.9,,,,,,
SAE.V,V-01735,Sable Resources Ltd.,TSXV,20786885.015,,,,,,
VAU.V,V-03079,Viva Gold Corp.,TSXV,20652852.24,,,,,,
UTWO.V,V-5061,U92 Energy Corp.,TSXV,20614430.77,,,,,,
CNRI.V,V-04867,Canadian North Resources Inc.,TSXV,20578557.06,,,,,,
JZR.V,V-02715,JZR Gold Inc.,TSXV,20208255.3,,,,,,
SWA.V,V-03900,Sarama Resources Ltd.,TSXV,20143677.92,,,,,,
STUV.V,V-04464,Stuve Gold Corp.,TSXV,20130210.63,,,,,,
KALO.V,V-04627,Kalo Gold Corp.,TSXV,20021688.63,,,,,,
SF.V,V-01497,Safi Silver Corp.,TSXV,19850069.16,,,,,,
NAM.V,V-04177,New Age Metals Inc.,TSXV,19358711.63,,,,,,
DIAM.TO,SHO0001,Star Diamond Corporation,TSX,19347852.25,,,,,,
PMI.V,V-5076,Perseverance Metals Inc.,TSXV,19304855.0,,,,,,
AURA.V,V-5093,Auranova Resources Inc.,TSXV,19272320.5,,,,,,
TBK.V,V-00027,Trailbreaker Resources Ltd.,TSXV,19202340.24,,,,,,
GPM.V,V-00490,GPM Metals Inc.,TSXV,19167357.36,,,,,,
DGC.V,V-04599,Daura Gold Corp.,TSXV,19081884.375,,,,,,
CN.V,V-02269,Condor Resources Inc.,TSXV,18991934.25,,,,,,
CTV.V,V-04856,Cleantech Vanadium Mining Corp.,TSXV,18915378.375,,,,,,
CBG.V,V-04094,Chibougamau Independent Mines Inc.,TSXV,18835333.255,,,,,,
BHS.V,V-02350,Bayhorse Silver Inc.,TSXV,18794470.5,,,,,,
ENDR.V,V-03100,Enduro Metals Corporation,TSXV,18752102.24,,,,,,
DMCU.V,V-04379,Domestic Metals Corp.,TSXV,18698131.14,,,,,,
NSU.V,V-04855,North Shore Uranium Ltd.,TSXV,18670833.3,,,,,,
IDEX.V,V-04942,IDEX Metals Corp.,TSXV,18657892.175,,,,,,
PTX.V,V-01565,PTX Metals Inc.,TSXV,18284745.15,,,,,,
WGF.V,V-02144,Wescan Goldfields Inc.,TSXV,18208813.68,,,,,,
COCO.V,V-04053,Coast Copper Corp.,TSXV,18001397.15,,,,,,
VTEN.V,V-04984,V Ten Metals Corp.,TSXV,17926396.6,,,,,,
SAO.V,V-02536,South Atlantic Gold Inc.,TSXV,17771219.11,,,,,,
LOD.V,V-01872,Lode Gold Resources Inc.,TSXV,17570753.778,,,,,,
FRI.V,V-00734,Freeport Resources Inc.,TSXV,17088540.84,,,,,,
HWY.V,V-01934,Highway 50 Gold Corp.,TSXV,16922270.96,,,,,,
NBY.V,V-04287,Niobay Metals Inc.,TSXV,16881356.97,,,,,,
BEEP.V,V-04446,Geiger Energy Corporation,TSXV,16740986.45,,,,,,
SR.V,V-02057,Strategic Resources Inc.,TSXV,16527838.6,,,,,,
KRN.TO,KAR0003,Karnalyte Resources Inc.,TSX,16518034.42,,,,,,
SME.V,V-02447,Sama Resources Inc.,TSXV,16505133.0,,,,,,
WRX.TO,WES0067,Western Resources Corp.,TSX,16356619.12,,,,,,
ZAC.V,V-04707,Zacatecas Silver Corp.,TSXV,16342385.7,,,,,,
CPAU.V,V-01015,CopAur Minerals Inc.,TSXV,16268797.215,,,,,,
VZZ.V,V-03822,Val-D'Or Mining Corporation,TSXV,16258610.7,,,,,,
MTT.V,V-01396,Magna Terra Minerals Inc.,TSXV,16253612.7,,,,,,
PINN.V,V-02785,Pinnacle Silver and Gold Corp.,TSXV,16129537.38,,,,,,
OMM.V,V-03779,Omineca Mining and Metals Ltd.,TSXV,16062650.82,,,,,,
CRI.V,V-04480,Churchill Resources Inc.,TSXV,16034097.0,,,,,,
ZNX.V,V-01217,Zincx Resources Corp.,TSXV,15971171.985,,,,,,
NOB.V,V-02534,Noble Mineral Exploration Inc.,TSXV,15854008.02,,,,,,
SGC.V,V-04447,Solstice Gold Corp.,TSXV,15748928.58,,,,,,
GMV.V,V-02411,GMV Minerals Inc.,TSXV,15331293.25,,,,,,
FYL.V,V-00698,Finlay Minerals Ltd.,TSXV,15291088.65,,,,,,
RYO.V,V-00649,Rio Silver Inc.,TSXV,15281946.255,,,,,,
BARU.V,V-00608,Baru Gold Corp.,TSXV,15262781.36,,,,,,
GRG.V,V-00819,Golden Arrow Resources Corporation,TSXV,15247493.64,,,,,,
CAF.V,V-02041,Canaf Investments Inc.,TSXV,15176382.4,,,,,,
RAGE.V,V-02850,Renegade Gold Inc.,TSXV,15130903.68,,,,,,
RBZ.V,V-04518,Arya Resources Ltd.,TSXV,15116952.595,,,,,,
ELEC.V,V-04387,Electric Royalties Ltd.,TSXV,15084106.905,,,,,,
RDU.V,V-01645,Radius Gold Inc.,TSXV,15041552.63,,,,,,
OOR.V,V-01389,Opus One Gold Corporation,TSXV,15015000.0,,,,,,
GDP.V,V-00245,Golden Pursuit Resources Ltd.,TSXV,14837394.0,,,,,,
SBMI.V,V-04559,Silver Bullet Mines Corp.,TSXV,14800000.0,,,,,,
GZD.V,V-00880,Grizzly Discoveries Inc.,TSXV,14796615.73,,,,,,
DEC.V,V-02689,Decade Resources Ltd.,TSXV,14759504.16,,,,,,
WRR.V,V-04024,Walker River Resources Corp.,TSXV,14746286.88,,,,,,
BMET.V,V-03102,BeMetals Corp.,TSXV,14721180.0,,,,,,
NCP.V,WEL0006,Nickel Creek Platinum Corp.,TSXV,14595197.4,,,,,,
TT.V,V-00278,Total Metals Corp.,TSXV,14532362.67,,,,,,
CRG.V,V-5092,Crossroads Gold Corp.,TSXV,14420800.68,,,,,,
SXL.V,V-01803,SLAM Exploration Ltd.,TSXV,14319340.2,,,,,,
STND.V,V-04642,Standard Uranium Ltd.,TSXV,14304967.665,,,,,,
ABA.V,V-04612,Abasca Resources Inc.,TSXV,14243951.2,,,,,,
LOT.V,V-02669,TomaGold Corporation,TSXV,14053463.685,,,,,,
MAX.V,V-01175,MAX Resource Corp.,TSXV,13876833.75,,,,,,
AIR.V,V-01499,Clean Air Metals Inc.,TSXV,13780623.12,,,,,,
GGI.V,V-00761,Garibaldi Resources Corp.,TSXV,13683649.95,,,,,,
CGD.V,V-00365,Carlin Gold Corporation,TSXV,13678606.98,,,,,,
HLU.V,V-05008,Homeland Uranium Corp.,TSXV,13662154.44,,,,,,
WLF.V,V-04068,Wolfden Resources Corporation,TSXV,13287235.36,,,,,,
PEMC.V,V-04420,Pacific Empire Minerals Corp.,TSXV,13256859.75,,,,,,
AUME.V,V-03984,Auriginal Mining Corp.,TSXV,13233236.85,,,,,,
MEK.V,V-00632,Metals Creek Resources Corp.,TSXV,13164077.63,,,,,,
RSMX.V,V-04876,Regency Silver Corp.,TSXV,13112479.405,,,,,,
EMN.V,V-04504,Euro Manganese Inc.,TSXV,12865905.36,,,,,,
BFM.V,V-02516,Bedford Metals Corp.,TSXV,12676209.075,,,,,,
BAT.V,V-02954,Batero Gold Corp.,TSXV,12670062.13,,,,,,
BAY.V,V-03792,Aston Bay Holdings Ltd.,TSXV,12647481.75,,,,,,
BONE.V,V-00648,Boron One Holdings Inc.,TSXV,12539349.27,,,,,,
TRO.V,V-01930,Taranis Resources Inc.,TSXV,12448738.44,,,,,,
SKEL.V,V-03028,Skeleton Coast Uranium Corp.,TSXV,12386447.84,,,,,,
RAMP.V,V-04710,Ramp Metals Inc.,TSXV,12363112.35,,,,,,
AEMC.V,V-00703,Alaska Energy Metals Corporation,TSXV,12359894.8,,,,,,
KORE.V,V-00655,KORE Mining Ltd.,TSXV,12322790.1,,,,,,
FCI.V,V-00466,First Canadian Graphite Inc.,TSXV,12268695.78,,,,,,
NWX.V,V-01376,Newport Exploration Ltd.,TSXV,12141685.51,,,,,,
MGMA.V,V-03088,Magma Silver Corp.,TSXV,12125506.1,,,,,,
MTS.V,V-02627,Metallis Resources Inc.,TSXV,12089025.39,,,,,,
KAPA.V,V-04489,KAPA Gold Inc.,TSXV,12054501.6,,,,,,
ABR.V,V-04067,Arbor Metals Corp.,TSXV,12041788.32,,,,,,
LAB.V,V-01386,Labrador Gold Corp.,TSXV,11900698.53,,,,,,
GIGA.V,V-00899,Giga Metals Corporation,TSXV,11855979.075,,,,,,
ERA.V,V-04004,Elcora Advanced Materials Corp.,TSXV,11768316.84,,,,,,
BAG.V,V-03810,Blende Silver Corp.,TSXV,11715721.2,,,,,,
LIT.V,V-00095,Argentina Lithium & Energy Corp.,TSXV,11693217.95,,,,,,
GT.V,V-02685,GT Resources Inc.,TSXV,11673531.78,,,,,,
PA.V,V-04270,Palamina Corp.,TSXV,11654354.5,,,,,,
BCU.V,V-00220,Bell Copper Corporation,TSXV,11580829.12,,,,,,
GPS.V,V-04595,Great Plains Metals Corp.,TSXV,11541107.85,,,,,,
AUX.V,V-04245,Golden Cross Resources Inc.,TSXV,11498296.65,,,,,,
PEX.V,V-01483,Pacific Ridge Exploration Ltd.,TSXV,11311785.0,,,,,,
NICN.V,V-04914,NiCan Limited,TSXV,11282466.67,,,,,,
LXM.V,V-04116,Lux Metals Corp.,TSXV,11151256.32,,,,,,
ZON.V,V-03125,Zonte Metals Inc.,TSXV,11063533.65,,,,,,
GCOM.V,V-04632,Green Shift Commodities Ltd.,TSXV,11018097.44,,,,,,
VIZ.V,V-01578,Visionary Metals Corp.,TSXV,10979918.0,,,,,,
REX.V,V-01457,Orex Minerals Inc.,TSXV,10941480.225,,,,,,
MSC.V,V-02465,Millennium Silver Corp.,TSXV,10915175.625,,,,,,
SNG.V,V-03847,Silver Range Resources Ltd.,TSXV,10896064.19,,,,,,
MOX.V,V-00228,Morien Resources Corp.,TSXV,10832560.02,,,,,,
TOM.V,V-04134,Trinity One Metals Ltd.,TSXV,10757580.64,,,,,,
REC.V,V-03938,Record Resources Inc.,TSXV,10702756.26,,,,,,
AUGC.V,V-04462,AU Gold Corp.,TSXV,10537048.26,,,,,,
GGAU.V,V-04620,Galactic Gold Corp.,TSXV,10370383.38,,,,,,
EXG.V,V-00268,ExGen Resources Inc.,TSXV,10369231.76,,,,,,
TORQ.V,V-01824,Torq Resources Inc.,TSXV,10224343.03,,,,,,
AUQ.V,V-01367,AuQ Gold Mining Inc.,TSXV,10217255.4,,,,,,
ICM.V,V-00265,Iconic Minerals Ltd.,TSXV,10216747.805,,,,,,
DFR.V,V-04124,DFR Gold Inc.,TSXV,10156985.0,,,,,,
EVER.V,V-04603,Evergold Corp.,TSXV,10141142.88,,,,,,
MNRG.V,V-04718,Monumental Energy Corp.,TSXV,10137494.97,,,,,,
KSM.V,V-5064,Kirkstone Metals Corp.,TSXV,10127749.83,,,,,,
CQR.V,V-00448,Conquest Resources Limited,TSXV,10060511.89,,,,,,
NMB.V,V-05015,NorthMin Corporation,TSXV,10029150.0,,,,,,
AZR.V,V-01990,Azarga Metals Corp.,TSXV,10005153.95,,,,,,
DYG.V,V-00586,Dynasty Gold Corp.,TSXV,9983346.255,,,,,,
URZ.V,V-02379,URZ3 Energy Corp.,TSXV,9942281.05,,,,,,
SMY.V,V-02525,Search Minerals Inc.,TSXV,9895867.74,,,,,,
SGU.V,V-03901,Signature Resources Ltd.,TSXV,9849400.64,,,,,,
BTU.V,V-03022,BTU Metals Corp.,TSXV,9778230.77,,,,,,
TRCG.V,V-04922,Thistle Resources Inc.,TSXV,9705294.88,,,,,,
RYE.V,V-02383,Rhyolite Resources Ltd.,TSXV,9646672.77,,,,,,
LMG.V,V-02515,Lincoln Gold Mining Inc.,TSXV,9565088.67,,,,,,
FFU.V,V-5057,F4 Uranium Corp.,TSXV,9519110.51,,,,,,
NRM.V,V-03821,Noram Lithium Corp.,TSXV,9512123.045,,,,,,
PE.V,V-00180,Pure Energy Minerals Limited,TSXV,9511035.24,,,,,,
ROX.V,V-00349,Canstar Resources Inc.,TSXV,9288694.75,,,,,,
SGZ.V,V-02482,Sego Resources Inc.,TSXV,9254984.22,,,,,,
APMI.V,V-04585,Apogee Minerals Ltd.,TSXV,9216600.12,,,,,,
NOVA.V,V-04568,EraNova Metals Inc.,TSXV,9202364.82,,,,,,
TGX.V,V-02024,TGX Energy & Resources Inc.,TSXV,9170413.0,,,,,,
ORS.V,V-02767,Orestone Mining Corp.,TSXV,9123437.855,,,,,,
RCT.V,V-01703,Rochester Resources Ltd.,TSXV,9080883.75,,,,,,
RUSH.V,V-00390,Carolina Rush Corporation,TSXV,9079948.2,,,,,,
TG.V,V-04351,Trifecta Gold Ltd.,TSXV,9063326.99,,,,,,
BOL.V,V-02621,Bold Ventures Inc.,TSXV,8961038.725,,,,,,
RKR.V,V-03898,Rokmaster Resources Corp.,TSXV,8947821.51,,,,,,
BIRD.V,V-04965,Thunderbird Minerals Corp.,TSXV,8945066.12,,,,,,
CLIC.V,V-04210,Comet Lithium Corporation,TSXV,8913285.9,,,,,,
CPS.V,V-03109,Canadian Premium Sand Inc.,TSXV,8799579.82,,,,,,
TSD.V,V-02026,Tsodilo Resources Limited,TSXV,8668265.19,,,,,,
FMN.V,V-02386,Fidelity Minerals Corp.,TSXV,8650381.2,,,,,,
AIS.V,V-00002,A.I.S. Resources Limited,TSXV,8607876.81,,,,,,
STRM.V,V-00469,Storm Exploration Inc.,TSXV,8603800.39,,,,,,
DNO.V,V-04910,Dinero Ventures Ltd.,TSXV,8596743.25,,,,,,
GIG.V,V-04587,XAU Resources Inc.,TSXV,8548365.0,,,,,,
WGLD.V,V-04484,Western Gold Exploration Ltd.,TSXV,8496314.6,,,,,,
CCMI.V,V-03698,Canadian Critical Minerals Inc.,TSXV,8441986.925,,,,,,
NRN.V,V-01413,Northern Shield Resources Inc.,TSXV,8439324.74,,,,,,
CSG.V,V-00928,Cosigo Resources Ltd.,TSXV,8416688.4,,,,,,
TMET.V,V-04615,Torr Metals Inc.,TSXV,8402495.3,,,,,,
FROG.V,V-04804,Bullfrog Gold Corporation,TSXV,8394490.1,,,,,,
AAZ.V,V-04000,Azincourt Energy Corp.,TSXV,8345497.6,,,,,,
NTX.V,V-04902,Neoterrex Minerals Inc.,TSXV,8285156.8,,,,,,
NAR.V,V-02519,North Arrow Minerals Inc.,TSXV,8278892.82,,,,,,
NNX.V,V-02610,Nickel North Exploration Corp.,TSXV,8227515.17,,,,,,
ALTN.V,V-04661,Aeonian Resources Corp.,TSXV,8123496.5,,,,,,
BGD.V,V-02260,Bullion Gold Discoveries Corp.,TSXV,8092945.6,,,,,,
NVX.V,V-02790,NV Gold Corporation,TSXV,7966678.59,,,,,,
WINS.V,V-00915,Winshear Metals Corp.,TSXV,7963975.975,,,,,,
FIN.V,V-04885,Grit Metals Corp.,TSXV,7954657.8,,,,,,
GGM.V,V-00452,Granada Gold Mine Inc.,TSXV,7954308.215,,,,,,
LPK.V,V-04239,Lupaka Gold Corp.,TSXV,7910085.48,,,,,,
LXE.V,V-5097,Latin Explore Inc.,TSXV,7862400.0,,,,,,
SKP.V,V-01228,Strikepoint Gold Inc.,TSXV,7799047.75,,,,,,
IZN.V,V-01146,InZinc Mining Ltd.,TSXV,7742052.12,,,,,,
BOCA.V,V-02871,Bocana Resources Corp.,TSXV,7733419.575,,,,,,
EXCL.V,V-04936,Excalibur Metals Corp.,TSXV,7636545.96,,,,,,
TGC.V,V-04799,Toogood Gold Corp.,TSXV,7635270.42,,,,,,
ADG.V,V-02618,Arcus Development Group Inc.,TSXV,7427399.0,,,,,,
FINX.V,V-5068,FinEx Metals Ltd.,TSXV,7371796.8,,,,,,
MASS.V,V-03859,Masivo Silver Corp.,TSXV,7356980.5,,,,,,
AWE.V,V-03975,Thunderstruck Resources Ltd.,TSXV,7350079.36,,,,,,
MQM.V,V-00617,Metalquest Mining Inc.,TSXV,7337928.6,,,,,,
AEF.V,V-04883,AE Fuels Corporation,TSXV,7220983.92,,,,,,
FAIR.V,V-04745,Fairchild Gold Corp.,TSXV,7184577.88,,,,,,
SVB.TO,MET0019,"Silver Bull Resources, Inc.",TSX,7147467.89,,,,,,
XIM.V,V-02693,Ximen Mining Corp.,TSXV,7046646.5,,,,,,
NOBL.V,V-03054,Noble Plains Uranium Corp.,TSXV,7005222.72,,,,,,
BGF.V,V-04540,Beauce Gold Fields Inc.,TSXV,6934209.65,,,,,,
FAS.V,V-02983,First Andes Silver Ltd.,TSXV,6921256.24,,,,,,
PGC.V,V-01567,Plato Gold Corp.,TSXV,6919971.51,,,,,,
RTH.V,V-03152,Rathdowney Resources Ltd.,TSXV,6912823.5,,,,,,
SWLF.V,V-02396,Silver Wolf Exploration Ltd.,TSXV,6839501.46,,,,,,
LMR.V,V-01150,Lomiko Metals Inc.,TSXV,6803433.575,,,,,,
CASA.V,V-03883,Casa Minerals Inc.,TSXV,6792277.35,,,,,,
JTWO.V,V-04758,J2 Metals Inc.,TSXV,6660279.6,,,,,,
GSPR.V,V-04517,GSP Resource Corp.,TSXV,6657294.8,,,,,,
ELEF.TO,PRO0047,Silver Elephant Mining Corp.,TSX,6608094.695,,,,,,
TRU.V,V-02019,TRU Precious Metals Corp.,TSXV,6576872.72,,,,,,
AMCO.V,V-02951,Americore Resources Corp.,TSXV,6572208.585,,,,,,
CPI.V,V-02513,Carlton Precious Inc.,TSXV,6514788.375,,,,,,
ESPN.V,V-04544,Hispania Resources Inc.,TSXV,6511100.635,,,,,,
FMR.TO,SUL0004,Future Mineral Resources Inc.,TSX,6307533.0,,,,,,
NBLC.V,V-04720,Nobel Resources Corp.,TSXV,6281963.52,,,,,,
MMX.V,V-04260,Mustang Minerals Limited,TSXV,6275467.125,,,,,,
AWX.V,V-04012,ArcWest Exploration Inc.,TSXV,6263003.025,,,,,,
VLX.V,V-00512,Velox Energy Materials Inc.,TSXV,6250739.04,,,,,,
MKR.V,V-01259,Melkior Resources Inc.,TSXV,6246025.2,,,,,,
CLZ.V,V-00339,Canasil Resources Inc.,TSXV,6232571.2,,,,,,
WSK.V,V-02491,Wildsky Resources Inc.,TSXV,6186745.51,,,,,,
MEX.V,V-02841,Mexican Gold Mining Corp.,TSXV,6182495.85,,,,,,
VERT.V,V-02662,Vertical Exploration Inc.,TSXV,6116162.12,,,,,,
SILV.V,V-00226,Silver Valley Metals Corp.,TSXV,6112764.46,,,,,,
SMP.V,V-04444,Southern Empire Resources Corp.,TSXV,6060000.0,,,,,,
SDR.V,V-01887,Stroud Resources Ltd.,TSXV,6044203.905,,,,,,
ZFR.V,V-03766,Zephyr Minerals Ltd.,TSXV,6034404.025,,,,,,
NXS.V,V-03037,Nexus Gold Corp.,TSXV,6001281.25,,,,,,
CMCG.V,V-5091,Chilean Metals Inc.,TSXV,5969403.72,,,,,,
NZP.V,V-00785,Chatham Rock Phosphate Limited,TSXV,5770538.25,,,,,,
GGL.V,V-00748,GGL Resources Corp.,TSXV,5739661.125,,,,,,
VVC.V,V-02071,VVC Exploration Corp.,TSXV,5726818.15,,,,,,
HPM.V,V-04560,Halcones Precious Metals Corp.,TSXV,5719409.725,,,,,,
MUR.V,V-04419,Murchison Minerals Ltd.,TSXV,5713054.875,,,,,,
NEV.V,V-02901,Nevada Sunrise Metals Corporation,TSXV,5681559.42,,,,,,
PERU.V,V-04088,Chakana Copper Corp.,TSXV,5679180.1,,,,,,
ETF.V,V-00611,Eastfield Resources Ltd.,TSXV,5583079.25,,,,,,
HVG.V,V-02233,Harvest Gold Corp.,TSXV,5579090.595,,,,,,
AUMN.TO,GOL0062,Golden Minerals Company,TSX,5573449.16,,,,,,
ABM.V,V-00450,Aben Gold Corp.,TSXV,5525134.29,,,,,,
ILC.V,V-03771,ILC Critical Minerals Ltd.,TSXV,5448065.08,,,,,,
HAY.V,V-02895,Hayasa Metals Inc.,TSXV,5437435.425,,,,,,
GNG.V,V-00825,Golden Goliath Resources Ltd.,TSXV,5437065.2,,,,,,
OBUL.V,V-00970,One Bullion Limited,TSXV,5425033.075,,,,,,
REE.V,V-04496,ReeXploration Inc.,TSXV,5409164.28,,,,,,
LEAP.V,V-02991,Quantum Critical Metals Corp.,TSXV,5395404.375,,,,,,
PLY.V,V-01568,Playfair Mining Ltd.,TSXV,5310203.7,,,,,,
MINE.V,V-04171,Inomin Mines Inc.,TSXV,5282137.94,,,,,,
TBLL.V,V-03788,Tombill Mines Limited,TSXV,5270069.02,,,,,,
GUG.V,V-00113,Gungnir Resources Inc.,TSXV,5265191.44,,,,,,
XTM.V,V-03850,Transition Metals Corp.,TSXV,5248009.56,,,,,,
MLO.V,V-04609,Metalero Mining Corp.,TSXV,5242545.0,,,,,,
VKG.V,V-00074,Norse Gold Corp.,TSXV,5242207.3,,,,,,
TCO.V,V-03741,Transatlantic Mining Corp.,TSXV,5198394.96,,,,,,
SCLT.V,V-03813,Searchlight Resources Inc.,TSXV,5173426.56,,,,,,
ADZ.V,V-00554,Adamera Minerals Corp.,TSXV,5151999.34,,,,,,
LORD.V,V-00203,St. James Gold Corp.,TSXV,5139631.64,,,,,,
ILI.V,V-01330,Imagine Lithium Inc.,TSXV,5109420.45,,,,,,
WMK.V,V-02466,Whitemud Resources Inc.,TSXV,5103945.0,,,,,,
AUEN.V,V-04474,Golden Sky Minerals Corp.,TSXV,5061968.73,,,,,,
HAR.V,V-03754,Harfang Exploration Inc.,TSXV,5021785.85,,,,,,
SMRV.V,V-00281,Smooth Rock Ventures Corp.,TSXV,5000317.185,,,,,,
EFF.V,V-02623,1844 Resources Inc.,TSXV,4982580.47,,,,,,
TES.V,V-02181,Tesoro Minerals Corp.,TSXV,4973319.12,,,,,,
MMM.V,V-04343,Minco Capital Corp.,TSXV,4965226.315,,,,,,
VGD.V,V-02563,Visible Gold Mines Inc.,TSXV,4960171.32,,,,,,
GEN.V,V-04605,Generation Uranium Inc.,TSXV,4958341.15,,,,,,
HDRO.V,V-04776,Primary Hydrogen Corp.,TSXV,4944141.0,,,,,,
CMIL.V,V-01326,Capella Minerals Limited,TSXV,4939110.605,,,,,,
MON.V,V-03729,Montero Mining and Exploration Ltd.,TSXV,4845223.14,,,,,,
GRD.V,V-00468,Grounded Lithium Corp.,TSXV,4828783.56,,,,,,
SYG.V,V-00157,Sylla Gold Corp.,TSXV,4828402.44,,,,,,
SVG.V,V-01292,Silver Grail Resources Ltd.,TSXV,4804428.42,,,,,,
CPER.V,V-04832,CopperCorp Resources Inc.,TSXV,4758285.84,,,,,,
VG.V,V-02812,Volcanic Gold Mines Inc.,TSXV,4753563.36,,,,,,
GYA.V,V-02723,Guyana Goldstrike Inc.,TSXV,4750332.0,,,,,,
QCX.V,V-02845,QCX Gold Corp.,TSXV,4749533.25,,,,,,
GR.V,V-00926,Great Atlantic Resources Corp.,TSXV,4646438.72,,,,,,
ASL.V,V-02647,Argentum Silver Corp.,TSXV,4643868.87,,,,,,
BEA.V,V-00222,Belmont Resources Inc.,TSXV,4636914.52,,,,,,
USHA.V,V-04509,Usha Resources Ltd.,TSXV,4599079.3,,,,,,
CRD.V,V-02178,Copper Road Resources Inc.,TSXV,4568097.195,,,,,,
MINK.V,V-04788,Mink Ventures Corporation,TSXV,4559202.56,,,,,,
SPX.V,V-01857,Stellar AfricaGold Inc.,TSXV,4547954.88,,,,,,
RMD.V,V-01687,Richmond Minerals Inc.,TSXV,4526673.375,,,,,,
ABZ.V,V-03038,AsiaBaseMetals Inc.,TSXV,4518258.39,,,,,,
CBA.V,V-00397,Champion Bear Resources Ltd.,TSXV,4514686.38,,,,,,
VLD.V,V-5063,Vinland Lithium Inc.,TSXV,4472362.14,,,,,,
CPL.V,V-00191,Copper Lake Resources Ltd.,TSXV,4471533.99,,,,,,
BTT.V,V-00247,Bitterroot Resources Ltd.,TSXV,4436724.46,,,,,,
EMR.V,V-00627,Emergent Metals Corp.,TSXV,4409300.48,,,,,,
VLI.V,V-00021,Vision Lithium inc.,TSXV,4395287.265,,,,,,
VRR.V,V-04267,VR Resources Ltd.,TSXV,4376380.69,,,,,,
SKYG.V,V-02933,Sky Gold Corp.,TSXV,4372748.595,,,,,,
BM.V,V-00438,BC Moly Ltd.,TSXV,4329758.375,,,,,,
VMS.V,V-04389,Vortex Metals Inc.,TSXV,4325270.88,,,,,,
CLV.V,V-03962,Canoe Mining Ventures Corp.,TSXV,4276837.92,,,,,,
MPVD.TO,MOU0003,Mountain Province Diamonds Inc.,TSX,4252248.86,,,,,,
LL.V,V-00801,Canada Rare Earth Corp.,TSXV,4231753.92,,,,,,
MCM.V,V-01231,"Matachewan Consolidated Mines, Limited",TSXV,4229957.75,,,,,,
CIO.V,V-02535,Central Iron Ore Limited,TSXV,4222932.18,,,,,,
ZBNI.V,V-04649,ZEB Nickel Corp.,TSXV,4174044.75,,,,,,
MTX.V,V-01269,Metalex Ventures Ltd.,TSXV,4146718.77,,,,,,
CNT.TO,CEN0021,Century Global Commodities Corporation,TSX,4137191.975,,,,,,
GLD.V,V-01371,Gold Finder Resources Ltd.,TSXV,4126512.06,,,,,,
MT.V,V-02708,M3 Metals Corp.,TSXV,4109889.6,,,,,,
DOS.V,V-00557,Dios Exploration Inc.,TSXV,4057711.98,,,,,,
IN.V,V-04428,Infield Minerals Corp.,TSXV,4053670.005,,,,,,
IMR.V,V-00038,iMetal Resources Inc.,TSXV,4036106.8,,,,,,
KS.V,V-02288,Klondike Silver Corp.,TSXV,4033226.7,,,,,,
KBRA.V,V-05005,Kubera Gold Corp.,TSXV,4028606.4,,,,,,
ZLTO.V,V-04879,Bulgold Inc.,TSXV,3994430.715,,,,,,
TUK.V,V-01041,Tuktu Resources Ltd.,TSXV,3983453.22,,,,,,
OPW.V,V-03031,Opawica Explorations Inc.,TSXV,3933876.7,,,,,,
KIP.V,V-00016,Kiplin Metals Inc.,TSXV,3926548.78,,,,,,
KNOX.V,V-03860,Vault Strategic Mining Corp.,TSXV,3912061.175,,,,,,
SIEN.V,V-00895,Sienna Resources Inc.,TSXV,3901108.15,,,,,,
CBLT.V,V-02920,CBLT Inc.,TSXV,3858853.65,,,,,,
CAN.V,V-02390,Canadian Gold Resources Ltd.,TSXV,3840821.32,,,,,,
DCOP.V,V-00368,District Copper Corp.,TSXV,3793337.075,,,,,,
CYL.V,V-02013,Ceylon Graphite Corp.,TSXV,3765082.44,,,,,,
AME.V,V-00015,Abacus Mining & Exploration Corporation,TSXV,3749125.26,,,,,,
APX.V,V-01888,Apex Resources Inc.,TSXV,3746874.33,,,,,,
NL.V,V-01411,Northern Lion Gold Corp.,TSXV,3743465.0,,,,,,
BMV.V,V-02457,Bathurst Metals Corp.,TSXV,3736777.05,,,,,,
QMC.V,V-03734,QMC Quantum Minerals Corp.,TSXV,3642828.84,,,,,,
SRI.V,V-01835,Sparton Resources Inc.,TSXV,3634545.04,,,,,,
VTT.V,V-03661,Vendetta Mining Corp.,TSXV,3626890.57,,,,,,
RJX.V,V-01633,RJK Explorations Ltd.,TSXV,3622184.37,,,,,,
LSTR.V,V-04158,Lodestar Metals Corp.,TSXV,3606277.36,,,,,,
NVT.V,V-01400,Nortec Minerals Corp.,TSXV,3599899.25,,,,,,
APN.V,V-03720,Altiplano Metals Inc.,TSXV,3551236.88,,,,,,
PHD.V,V-04087,Providence Gold Mines Inc.,TSXV,3542536.6,,,,,,
ACS.V,V-00133,Archon Minerals Limited,TSXV,3537089.27,,,,,,
SUI.V,V-01896,Superior Mining International Corporation,TSXV,3526787.16,,,,,,
GLDN.V,V-03870,Golden Ridge Resources Ltd.,TSXV,3512479.2,,,,,,
CBI.V,V-00435,Colibri Resource Corporation,TSXV,3503267.5,,,,,,
KTRI.V,V-05011,Kootenay Resources Inc.,TSXV,3488116.48,,,,,,
SSE.V,V-01791,Silver Spruce Resources Inc.,TSXV,3389752.665,,,,,,
SPD.V,V-04191,Silver Predator Corp.,TSXV,3362120.775,,,,,,
GAMA.V,V-01247,Gamma Resources Ltd.,TSXV,3351389.195,,,,,,
GST.V,V-01289,Gold Strategy Inc.,TSXV,3340401.12,,,,,,
PNN.V,V-02429,Pambili Natural Resources Corporation,TSXV,3340164.355,,,,,,
PMX.V,V-01600,ProAm Explorations Corporation,TSXV,3298100.96,,,,,,
OLV.V,V-00142,Olivut Resources Ltd.,TSXV,3296124.44,,,,,,
BEM.V,V-01266,Brasnova Energy Materials Inc.,TSXV,3260618.41,,,,,,
AWM.V,V-00938,Angel Wing Metals Inc.,TSXV,3237977.85,,,,,,
MTH.V,V-03773,Mammoth Resources Corp.,TSXV,3196707.99,,,,,,
OSM.V,V-04413,Osiris One Metals Ltd.,TSXV,3120559.11,,,,,,
ORCL.V,V-05009,Oracle Commodity Holding Corp.,TSXV,3117406.2,,,,,,
ATOM.V,V-01679,Atomic Minerals Corporation,TSXV,3058765.57,,,,,,
AVU.V,V-02899,Avrupa Minerals Ltd.,TSXV,3042990.16,,,,,,
BEAR.V,V-00459,Big Bear Gold Corp.,TSXV,3023236.395,,,,,,
KIB.V,V-04899,Kiboko Gold Inc.,TSXV,3003649.075,,,,,,
CCD.V,V-00370,Cascadero Copper Corporation,TSXV,3001298.74,,,,,,
CONE.V,V-00115,Canada One Mining Corp.,TSXV,2978741.09,,,,,,
CTN.V,V-02420,Centurion Minerals Ltd.,TSXV,2951301.525,,,,,,
GEL.V,V-04786,Graphano Energy Ltd.,TSXV,2927916.18,,,,,,
CRB.V,V-02402,Cariboo Rose Resources Ltd.,TSXV,2901046.96,,,,,,
CELL.V,V-04120,Grid Battery Metals Inc.,TSXV,2900711.925,,,,,,
JJJJ.V,V-04775,J4 Ventures Resources Corp.,TSXV,2862300.0,,,,,,
ACDC.V,V-05013,AC/DC Battery Metals Inc.,TSXV,2853677.42,,,,,,
ALM.V,V-03928,Alliance Mining Corp.,TSXV,2844037.96,,,,,,
GCN.V,V-00816,Goldcliff Resource Corporation,TSXV,2829676.745,,,,,,
RNCH.V,V-00429,Ranchero Gold Corp.,TSXV,2825159.52,,,,,,
LUXR.V,V-5065,Luxor Metals Ltd.,TSXV,2791099.2,,,,,,
SKRR.V,V-04058,SKRR Exploration Inc.,TSXV,2760033.12,,,,,,
VENT.V,V-5095,Ventra Metals Corp.,TSXV,2749295.76,,,,,,
ANTL.V,V-04312,Antler Gold Inc.,TSXV,2724928.05,,,,,,
KGC.V,V-02658,Kestrel Gold Inc.,TSXV,2718025.65,,,,,,
WCU.V,V-02480,World Copper Ltd.,TSXV,2630310.67,,,,,,
KGS.V,V-02705,Kingman Minerals Ltd.,TSXV,2621251.26,,,,,,
AVG.V,V-04228,Avidian Gold Corp.,TSXV,2561410.08,,,,,,
IZZ.V,V-03827,International Prospect Ventures Ltd.,TSXV,2552425.47,,,,,,
QURI.V,V-04915,Quri-Mayu Developments Ltd.,TSXV,2535061.95,,,,,,
ULT.V,V-02272,Ultra Lithium Inc.,TSXV,2521430.265,,,,,,
CZZ.V,V-03667,Cleghorn Minerals Ltd.,TSXV,2515750.51,,,,,,
WLR.V,V-00302,Walker Lane Resources Ltd.,TSXV,2510057.965,,,,,,
OPHR.V,V-03731,Ophir Metals Corp.,TSXV,2497154.025,,,,,,
EGM.V,V-00752,Engold Mines Ltd.,TSXV,2482892.76,,,,,,
EAU.V,V-04454,Engineer Gold Mines Ltd.,TSXV,2479645.635,,,,,,
RMI.V,V-04412,Ridgestone Mining Inc.,TSXV,2448197.76,,,,,,
PAT.V,V-04097,Patterson Metals Corp.,TSXV,2417648.2,,,,,,
ADD.V,V-00135,Arctic Star Exploration Corp.,TSXV,2387103.7,,,,,,
BIGT.V,V-02009,Big Tree Carbon Inc.,TSXV,2386397.12,,,,,,
IMC.V,V-04714,Ibero Mining Corp.,TSXV,2381220.75,,,,,,
FG.V,V-02688,Falcon Gold Corp.,TSXV,2372455.08,,,,,,
RMO.V,V-00609,Rainy Mountain Royalty Corp.,TSXV,2362516.02,,,,,,
NAP.V,V-5108,Napoleon Resources Inc.,TSXV,2355000.0,,,,,,
AML.V,V-03095,Akwaaba Mining Ltd.,TSXV,2339694.72,,,,,,
SRQ.V,V-04980,SRQ Resources Inc.,TSXV,2304782.5,,,,,,
VRB.V,V-01423,VanadiumCorp Resource Inc.,TSXV,2243839.05,,,,,,
CUEX.V,V-04772,CopperEx Resources Corporation,TSXV,2228310.98,,,,,,
TORC.V,V-04650,TinOne Resources Inc.,TSXV,2189058.5,,,,,,
ALT.V,V-01024,Alturas Minerals Corp.,TSXV,2184482.145,,,,,,
GVR.V,V-01130,Grosvenor Resource Corporation,TSXV,2171045.24,,,,,,
PGX.V,V-02762,Prosper Gold Corp.,TSXV,2170258.475,,,,,,
GBML.V,V-04194,Global Battery Metals Ltd.,TSXV,2153819.415,,,,,,
CTG.V,V-04767,Centenario Gold Corp.,TSXV,2126657.94,,,,,,
ENRG.V,V-04399,New Energy Metals Corp.,TSXV,2078028.4,,,,,,
FMM.V,V-00740,Full Metal Minerals Ltd.,TSXV,2075935.96,,,,,,
FEX.V,V-00713,Fjordland Exploration Inc.,TSXV,2073388.275,,,,,,
GGX.V,V-03735,GGX Gold Corp.,TSXV,1919719.0,,,,,,
SHRP.V,V-04493,Sherpa II Holdings Corp.,TSXV,1901100.95,,,,,,
COS.V,V-05003,Coniagas Battery Metals Inc.,TSXV,1891755.03,,,,,,
JDN.V,V-01558,Jayden Resources Inc.,TSXV,1872571.2,,,,,,
GDX.V,V-00836,Goldex Resources Corporation,TSXV,1820649.71,,,,,,
OWN.V,V-04752,Rex Resources Corp.,TSXV,1817309.5,,,,,,
GRI.V,V-02474,Galore Resources Inc.,TSXV,1773006.69,,,,,,
ENEV.V,V-01517,Enerev5 Metals Inc.,TSXV,1715484.205,,,,,,
STW.V,V-03991,Stockworks Gold Inc.,TSXV,1707176.495,,,,,,
GEMC.V,V-04330,Global Energy Metals Corporation,TSXV,1689303.175,,,,,,
WEC.V,V-04724,Winchester Equity Corporation,TSXV,1686957.81,,,,,,
IMM.V,V-00378,International Metals Mining Corp.,TSXV,1686878.475,,,,,,
GSS.V,V-00847,Gossan Resources Limited,TSXV,1686486.775,,,,,,
DMI.V,V-00551,Diamcor Mining Inc.,TSXV,1686389.37,,,,,,
PBM.V,V-00463,Pacific Bay Minerals Ltd.,TSXV,1641041.325,,,,,,
DTWO.V,V-00525,D2 Lithium Corp.,TSXV,1630431.18,,,,,,
BRON.V,V-01816,Bronco Resources Corp.,TSXV,1618731.765,,,,,,
RRRL.V,V-5073,River Road Resources Ltd.,TSXV,1607666.76,,,,,,
QRO.V,V-02006,Quadro Resources Ltd.,TSXV,1607663.79,,,,,,
RES.V,V-04110,Auric Resources Corp.,TSXV,1576150.345,,,,,,
GHL.V,V-01197,Goldhills Holding Ltd.,TSXV,1572600.3,,,,,,
BNZ.V,V-04354,Bonanza Mining Corporation,TSXV,1543884.29,,,,,,
PDQ.V,V-03803,Paradigm Gold Corporation,TSXV,1494431.155,,,,,,
TRAN.V,V-00822,Clean Energy Transition Inc.,TSXV,1461034.75,,,,,,
VCV.V,V-02826,Vatic Ventures Corp.,TSXV,1447298.79,,,,,,
MDM.V,V-01257,Madoro Metals Corp.,TSXV,1400950.74,,,,,,
TRS.V,V-02004,Tres-Or Resources Ltd.,TSXV,1387862.465,,,,,,
BARK.V,V-03705,Black Spruce Exploration Inc.,TSXV,1381518.55,,,,,,
CLUS.V,V-04909,Colossus Resources Corp.,TSXV,1367973.75,,,,,,
LWR.V,V-03816,Lake Winn Resources Corp.,TSXV,1367923.35,,,,,,
EDDY.V,V-03851,Edison Lithium Corp.,TSXV,1355763.735,,,,,,
VGN.V,V-00869,Greencastle Resources Ltd.,TSXV,1327766.775,,,,,,
MILE.V,V-5109,Twenty Mile Metals Inc.,TSXV,1326000.0,,,,,,
XPLR.V,V-04378,Xplore Resources Corp.,TSXV,1315037.625,,,,,,
ARL.V,V-04904,Aurum Lake Mining Corporation,TSXV,1286037.5,,,,,,
MMN.V,V-01455,Monarca Minerals Inc.,TSXV,1265546.06,,,,,,
RTE.V,V-04408,Route 109 Resources Inc.,TSXV,1256991.675,,,,,,
EGR.V,V-03631,EGR Exploration Ltd.,TSXV,1250976.06,,,,,,
PPM.V,V-01480,Pacific Imperial Mines Inc.,TSXV,1241405.61,,,,,,
CCB.V,V-02047,Canada Carbon Inc.,TSXV,1211407.56,,,,,,
BLDS.V,V-03143,Badlands Resources Inc.,TSXV,1163032.92,,,,,,
LALI.V,V-04232,LatAm Lithium Corp.,TSXV,1159885.285,,,,,,
ETU.V,V-04681,E2Gold Inc.,TSXV,1147521.835,,,,,,
JADE.V,V-01216,Jade Leader Corp.,TSXV,1120609.395,,,,,,
DG.V,V-03926,Dixie Gold Inc.,TSXV,1110801.58,,,,,,
BWR.V,V-04113,BWR Exploration Inc.,TSXV,1105104.61,,,,,,
FTJ.V,V-00177,Fort St. James Nickel Corp.,TSXV,1049930.48,,,,,,
INFI.V,V-00210,Infinitum Copper Corp.,TSXV,1041919.63,,,,,,
OPTG.V,V-04329,Optegra Ventures Inc.,TSXV,1037380.205,,,,,,
HANS.V,V-04556,Hanstone Gold Corp.,TSXV,1033862.5,,,,,,
TR.V,V-04463,Troubadour Resources Inc.,TSXV,1015994.265,,,,,,
ESXR.V,V-5078,Essex Resources Corp.,TSXV,1015875.0,,,,,,
LKY.V,V-02988,Lucky Minerals Inc.,TSXV,1011271.35,,,,,,
PWRO.V,V-04998,Power One Resources Corp.,TSXV,996557.76,,,,,,
NUG.V,V-03694,Nulegacy Gold Corporation,TSXV,969857.495,,,,,,
IRI.V,V-02960,IEMR Resources Inc.,TSXV,948071.41,,,,,,
FUSE.V,V-02165,Fuse Battery Metals Inc.,TSXV,940743.625,,,,,,
BST.V,V-02605,Bessor Minerals Inc.,TSXV,938568.69,,,,,,
CUCU.V,V-02157,Global Copper Corp.,TSXV,906454.76,,,,,,
ICON.V,V-01223,International Iconic Gold Exploration Corp.,TSXV,904952.76,,,,,,
AORO.V,V-02776,Aloro Mining Corp.,TSXV,865938.945,,,,,,
NED.V,V-03718,New Destiny Mining Corp.,TSXV,791198.415,,,,,,
GOFL.V,V-02034,Goldflare Exploration Inc.,TSXV,789091.15,,,,,,
AVR.V,V-04792,Avaron Mining Corp.,TSXV,752324.85,,,,,,
INFM.V,V-04805,Infinico Metals Corp.,TSXV,732534.79,,,,,,
GER.V,V-01436,Glen Eagle Resources Inc.,TSXV,729009.925,,,,,,
HAWK.V,V-00905,Hawkeye Gold & Diamond Inc.,TSXV,689037.885,,,,,,
ABC.V,V-00048,Absolutely Critical Resources Corp.,TSXV,674202.22,,,,,,
DCY.V,V-00562,Discovery-Corp Enterprises Inc.,TSXV,673354.8,,,,,,
VAX.V,V-02083,Vantex Resources Ltd.,TSXV,601153.875,,,,,,
NTB.V,V-01172,New Tymbal Resources Ltd.,TSXV,358839.66,,,,,,
PWH.V,V-04887,Purewave Hydrogen Corp.,TSXV,356730.0,,,,,,
EON.V,V-01739,EON Lithium Corp.,TSXV,347557.14,,,,,,
RTM.V,V-03846,RT Minerals Corp.,TSXV,286579.375,,,,,,
AVX.V,V-02342,Altair Resources Inc.,TSXV,286333.12,,,,,,
PGP.V,V-03154,Power Group Projects Corp.,TSXV,254340.855,,,,,,
WMS.V,V-04797,Western Metallica Resources Corp.,TSXV,253085.97,,,,,,
SML.V,V-03770,Southstone Minerals Limited,TSXV,160209.44,,,,,,
JHC.V,V-03129,Jinhua Capital Corporation,TSXV,152597.975,,,,,,
