ticker_full,stage
ABRA.TO,Explorer
ARA.TO,Explorer
AEM.TO,Producer
AGI.TO,Producer
ALK.TO,Producer
AAUC.TO,Producer
AII.TO,Shell
ALS.TO,Royalty/Streamer
USA.TO,Producer
ARG.TO,Producer
APM.TO,Producer
ARIS.TO,Producer
AMC.TO,Explorer
ATX.TO,Explorer
AVL.TO,Explorer
ASM.TO,Producer
AYA.TO,Producer
BTO.TO,Producer
ABX.TO,Producer
BSX.TO,Explorer
BKI.TO,Explorer
BGAU.TO,Explorer
BNKR.TO,Explorer
CCO.TO,Producer
CCM.TO,Explorer
CS.TO,Producer
CG.TO,Producer
CNT.TO,Producer
CIA.TO,Producer
CGG.TO,Producer
CLCH.TO,Producer
CDE.TO,Producer
CNL.TO,Explorer
CTGO.TO,Explorer
COPR.TO,Explorer
DML.TO,Producer
DSV.TO,Producer
DPM.TO,Producer
DNG.TO,Producer
ELR.TO,Producer
ECOR.TO,Royalty/Streamer
ELD.TO,Producer
ELE.TO,Royalty/Streamer
ELO.TO,Explorer
EDV.TO,Producer
EDR.TO,Producer
EFR.TO,Producer
ETG.TO,Explorer
EQX.TO,Producer
ERD.TO,Explorer
ERO.TO,Producer
ESM.TO,Explorer
FDY.TO,Explorer
FFM.TO,Explorer
AG.TO,Producer
FF.TO,Explorer
FM.TO,Producer
FSY.TO,Explorer
FVI.TO,Producer
FT.TO,Explorer
FNV.TO,Royalty/Streamer
FVL.TO,Explorer
FURY.TO,Explorer
FMR.TO,Explorer
GMIN.TO,Producer
GTWO.TO,Shell
GAU.TO,Producer
GENM.TO,Explorer
GLO.TO,Producer
GMX.TO,Royalty/Streamer
GGD.TO,Producer
GRC.TO,Explorer
AUMN.TO,Explorer
GOLD.TO,Explorer
MOLY.TO,Explorer
GCU.TO,Producer
HMMC.TO,Explorer
HSLV.TO,Explorer
HBM.TO,Producer
IAU.TO,Producer
IMG.TO,Producer
III.TO,Producer
ITH.TO,Explorer
ISO.TO,Explorer
IE.TO,Producer
IVN.TO,Producer
JAG.TO,Producer
KNT.TO,Producer
KRN.TO,Explorer
K.TO,Producer
LIF.TO,Royalty/Streamer
LAM.TO,Explorer
LGO.TO,Producer
LGD.TO,Explorer
LAC.TO,Explorer
LAR.TO,Explorer
LUC.TO,Producer
LMCU.TO,Explorer
LUG.TO,Producer
LUN.TO,Producer
LUNR.TO,Royalty/Streamer
NICU.TO,Producer
MARI.TO,Explorer
MUX.TO,Producer
MGA.TO,Explorer
MNO.TO,Explorer
MSV.TO,Explorer
MSA.TO,Producer
MAU.TO,Explorer
MPVD.TO,Shell
NUAG.TO,Explorer
NXE.TO,Explorer
NEXT.TO,Explorer
NGEX.TO,Explorer
NCF.TO,Explorer
NDM.TO,Explorer
NOU.TO,Explorer
NG.TO,Explorer
NVO.TO,Explorer
NTR.TO,Producer
OGC.TO,Producer
OR.TO,Royalty/Streamer
ORE.TO,Producer
OLA.TO,Producer
ORV.TO,Producer
OM.TO,Explorer
OCG.TO,Explorer
PDN.TO,Producer
PAAS.TO,Producer
PPTA.TO,Explorer
PRU.TO,Producer
PTM.TO,Explorer
PMET.TO,Explorer
PDI.TO,Explorer
RIO.TO,Explorer
RM.TO,Explorer
RTG.TO,Explorer
RUA.TO,Explorer
SEA.TO,Explorer
SBI.TO,Producer
S.TO,Producer
SVB.TO,Explorer
ELEF.TO,Explorer
AGMR.TO,Explorer
SLVR.TO,Explorer
SVM.TO,Producer
SKE.TO,Explorer
SGD.TO,Explorer
SLS.TO,Explorer
SLR.TO,Explorer
SXGC.TO,Explorer
SSRM.TO,Producer
SAU.TO,Explorer
DIAM.TO,Explorer
SAM.TO,Producer
STGO.TO,Producer
STLR.TO,Explorer
TSK.TO,Producer
TLO.TO,Explorer
TECK.TO,Producer
TI.TO,Producer
TXG.TO,Producer
TKO.TO,Producer
TMQ.TO,Explorer
TFPM.TO,Royalty/Streamer
TLG.TO,Explorer
TRX.TO,Producer
URC.TO,Shell
URE.TO,Producer
VGC.TO,Explorer
NPK.TO,Producer
VMET.TO,Royalty/Streamer
VGZ.TO,Explorer
VZLA.TO,Explorer
VOXR.TO,Royalty/Streamer
WM.TO,Explorer
WDO.TO,Producer
WRN.TO,Explorer
WRX.TO,Explorer
WGX.TO,Producer
WPM.TO,Royalty/Streamer
XTG.TO,Explorer
YRB.TO,Explorer
EFF.V,Explorer
AUMB.V,Explorer
AIS.V,Explorer
AUAU.V,Explorer
AME.V,Explorer
ABA.V,Explorer
ABI.V,Explorer
ABM.V,Explorer
ABC.V,Explorer
ACDC.V,Explorer
ADZ.V,Explorer
ADE.V,Explorer
ADY.V,Explorer
AEF.V,Explorer
ALTN.V,Explorer
AAG.V,Explorer
AML.V,Explorer
AEMC.V,Explorer
WAM.V,Explorer
ALDE.V,Explorer
ALGR.V,Shell
ALM.V,Explorer
AMM.V,Explorer
DEX.V,Royalty/Streamer
AORO.V,Explorer
ALEX.V,Explorer
AFM.V,Producer
AVX.V,Unknown
ALTA.V,Explorer
APN.V,Explorer
ALT.V,Explorer
AHR.V,Explorer
AE.V,Explorer
LI.V,Explorer
TUNG.V,Explorer
AMCO.V,Explorer
AMX.V,Explorer
ANDC.V,Explorer
AEC.V,Explorer
AWM.V,Explorer
ANK.V,Explorer
ANOR.V,Explorer
ANTL.V,Explorer
APX.V,Explorer
APMI.V,Explorer
APGO.V,Explorer
ABR.V,Explorer
ACS.V,Explorer
ADD.V,Explorer
ADG.V,Shell
AWX.V,Explorer
AGAG.V,Explorer
LIT.V,Explorer
VLLC.V,Explorer
ASL.V,Explorer
DAN.V,Explorer
AZEM.V,Explorer
AZS.V,Explorer
ARK.V,Explorer
ARTG.V,Producer
RBZ.V,Explorer
ASE.V,Producer
ABZ.V,Explorer
BAY.V,Explorer
ASTR.V,Explorer
SASK.V,Explorer
ATY.V,Producer
SALT.V,Explorer
ATOM.V,Explorer
AAN.V,Explorer
AUGC.V,Explorer
AUM.V,Explorer
AUQ.V,Explorer
ARU.V,Explorer
AURA.V,Explorer
RES.V,Explorer
AUME.V,Producer
AURO.V,Explorer
ARL.V,Explorer
AGLD.V,Producer
AVR.V,Shell
AVG.V,Explorer
AVU.V,Explorer
ARIC.V,Explorer
AXO.V,Explorer
AZR.V,Explorer
AZM.V,Explorer
AAZ.V,Explorer
AZT.V,Explorer
BLDS.V,Explorer
BYN.V,Explorer
BRO.V,Explorer
BARU.V,Explorer
BAT.V,Explorer
BMV.V,Shell
BMR.V,Producer
BHS.V,Explorer
BM.V,Explorer
B.V,Explorer
BGF.V,Explorer
BFM.V,Explorer
BCU.V,Explorer
BEA.V,Explorer
BMET.V,Explorer
BEX.V,Explorer
BZ.V,Explorer
BST.V,Explorer
BEAR.V,Explorer
BRAU.V,Explorer
BIGT.V,Explorer
BTT.V,Explorer
BMM.V,Explorer
BARK.V,Explorer
BRC.V,Explorer
BAG.V,Explorer
JAY.V,Explorer
MOON.V,Explorer
BSK.V,Explorer
BAU.V,Explorer
BOCA.V,Explorer
BOL.V,Explorer
BNZ.V,Explorer
BTR.V,Explorer
BOGO.V,Producer
BONE.V,Explorer
BPAG.V,Explorer
BEM.V,Shell
BVA.V,Explorer
BRVO.V,Explorer
BBB.V,Explorer
BRON.V,Explorer
BRW.V,Explorer
BTU.V,Explorer
BUFF.V,Explorer
ZLTO.V,Explorer
FROG.V,Explorer
BGD.V,Explorer
BWR.V,Explorer
CCCM.V,Explorer
CBR.V,Explorer
CAMB.V,Shell
COR.V,Explorer
CCB.V,Explorer
CNC.V,Explorer
CONE.V,Explorer
LL.V,Producer
CCMI.V,Explorer
CAN.V,Explorer
CGM.V,Explorer
CNRI.V,Explorer
CPS.V,Explorer
CAF.V,Producer
CVV.V,Explorer
CLZ.V,Shell
CANX.V,Explorer
CLV.V,Explorer
ROX.V,Explorer
CTM.V,Explorer
CD.V,Explorer
CDA.V,Producer
CMIL.V,Explorer
CAPT.V,Explorer
CRB.V,Explorer
CGD.V,Explorer
CPI.V,Explorer
RUSH.V,Explorer
ECR.V,Explorer
CASA.V,Explorer
CCD.V,Explorer
CAM.V,Explorer
GLDC.V,Explorer
CBLT.V,Explorer
CTG.V,Shell
CIO.V,Explorer
CTN.V,Explorer
LCE.V,Explorer
CERT.V,Producer
CDPR.V,Explorer
CYL.V,Explorer
PERU.V,Explorer
CBA.V,Explorer
NZP.V,Shell
CKG.V,Explorer
CBG.V,Explorer
CMCG.V,Explorer
CRI.V,Explorer
AIR.V,Explorer
TRAN.V,Explorer
CTV.V,Explorer
CZZ.V,Explorer
COCO.V,Explorer
CBI.V,Explorer
CAD.V,Explorer
CLUS.V,Explorer
CLIC.V,Explorer
CVB.V,Explorer
CN.V,Explorer
COS.V,Explorer
CQR.V,Explorer
CLM.V,Explorer
CPAU.V,Explorer
CUU.V,Explorer
CGNT.V,Explorer
CPL.V,Explorer
CRD.V,Explorer
CPER.V,Explorer
CUEX.V,Explorer
CDB.V,Explorer
CCMC.V,Explorer
COSA.V,Explorer
CSG.V,Shell
CCMM.V,Explorer
CRE.V,Explorer
CRG.V,Explorer
CLCO.V,Royalty/Streamer
CYG.V,Explorer
DTWO.V,Explorer
DGC.V,Explorer
DEC.V,Explorer
DEFN.V,Explorer
DEF.V,Explorer
DLTA.V,Explorer
DAU.V,Explorer
DFR.V,Explorer
DMI.V,Producer
DNO.V,Explorer
DOS.V,Explorer
DCY.V,Explorer
DCOP.V,Explorer
DMX.V,Explorer
DG.V,Explorer
DLP.V,Explorer
DMCU.V,Explorer
DBG.V,Shell
DRY.V,Explorer
DYG.V,Explorer
ETU.V,Explorer
ETL.V,Explorer
EPL.V,Royalty/Streamer
EAM.V,Explorer
ETF.V,Explorer
EVI.V,Explorer
EDCU.V,Royalty/Streamer
EDDY.V,Explorer
EDM.V,Explorer
EGR.V,Explorer
ERA.V,Explorer
ELBM.V,Explorer
EML.V,Explorer
ELEC.V,Royalty/Streamer
ECU.V,Explorer
EMR.V,Explorer
EMO.V,Explorer
EMNT.V,Explorer
EMPR.V,Royalty/Streamer
EU.V,Producer
EDG.V,Explorer
ENDR.V,Explorer
ENEV.V,Shell
EAU.V,Explorer
EGM.V,Explorer
EON.V,Explorer
EQTY.V,Explorer
NOVA.V,Shell
EM.V,Explorer
ESK.V,Explorer
ESXR.V,Explorer
EMN.V,Producer
EOX.V,Explorer
EVNI.V,Shell
EVER.V,Explorer
EXCL.V,Explorer
EXN.V,Explorer
EXG.V,Explorer
FUU.V,Explorer
FFU.V,Explorer
FAIR.V,Explorer
FPC.V,Explorer
FLCN.V,Explorer
FG.V,Explorer
FNC.V,Explorer
FMN.V,Explorer
FINX.V,Explorer
FYL.V,Explorer
FFOX.V,Explorer
FWZ.V,Explorer
FAS.V,Explorer
FAN.V,Explorer
FCI.V,Explorer
FTZ.V,Shell
FEX.V,Explorer
FMS.V,Explorer
FTJ.V,Explorer
FOR.V,Explorer
FDR.V,Explorer
FOXT.V,Explorer
FPX.V,Explorer
FRED.V,Explorer
FMAN.V,Explorer
FRI.V,Explorer
FL.V,Explorer
FMM.V,Explorer
FUSE.V,Explorer
FTUR.V,Explorer
GBU.V,Explorer
GGAU.V,Explorer
GAL.V,Explorer
GGO.V,Explorer
GRI.V,Explorer
GWM.V,Explorer
GAMA.V,Explorer
GGI.V,Explorer
BEEP.V,Shell
GEMG.V,Explorer
GEN.V,Shell
GSP.V,Explorer
GMA.V,Explorer
GTC.V,Explorer
GFG.V,Explorer
GGL.V,Explorer
GGX.V,Explorer
GIGA.V,Explorer
EMM.V,Explorer
GLAD.V,Explorer
GER.V,Unknown
GBML.V,Explorer
CUCU.V,Explorer
GEMC.V,Explorer
GMV.V,Explorer
GG.V,Producer
GLD.V,Explorer
HART.V,Explorer
GRZ.V,Explorer
GST.V,Explorer
GSR.V,Explorer
YGT.V,Shell
AUXX.V,Explorer
GLB.V,Explorer
GCN.V,Explorer
GRG.V,Explorer
AUX.V,Explorer
GNG.V,Explorer
GDP.V,Explorer
GLDN.V,Explorer
AUEN.V,Explorer
GDX.V,Explorer
GOFL.V,Explorer
GGA.V,Producer
GHL.V,Explorer
GQC.V,Explorer
GSKR.V,Explorer
GSTM.V,Explorer
GOT.V,Explorer
GSS.V,Royalty/Streamer
GPM.V,Explorer
GRSL.V,Explorer
GGM.V,Explorer
GPG.V,Explorer
GEL.V,Explorer
GPH.V,Explorer
GR.V,Explorer
GPAC.V,Explorer
GPS.V,Explorer
GCOM.V,Shell
VGN.V,Explorer
GHRT.V,Explorer
GRL.V,Explorer
CELL.V,Explorer
GRDM.V,Explorer
FIN.V,Explorer
GZD.V,Explorer
GVR.V,Explorer
GRD.V,Explorer
ZNG.V,Explorer
GSPR.V,Explorer
GT.V,Explorer
GSVR.V,Producer
GUG.V,Explorer
GUN.V,Explorer
GYA.V,Shell
HPM.V,Explorer
HAN.V,Explorer
HANS.V,Explorer
HAR.V,Explorer
HVG.V,Explorer
HAWK.V,Explorer
HAY.V,Explorer
HSTR.V,Producer
HHH.V,Explorer
BIG.V,Explorer
HI.V,Explorer
HWY.V,Explorer
ESPN.V,Explorer
SHL.V,Explorer
HLU.V,Explorer
HMR.V,Explorer
TUF.V,Explorer
HCH.V,Explorer
IMC.V,Explorer
ICM.V,Explorer
IDEX.V,Explorer
IRI.V,Explorer
ILC.V,Explorer
ILI.V,Explorer
IMR.V,Explorer
IPT.V,Producer
IGO.V,Explorer
IN.V,Explorer
INFM.V,Explorer
INFI.V,Explorer
MINE.V,Explorer
ITR.V,Producer
ICON.V,Explorer
IMM.V,Explorer
IZZ.V,Explorer
IRO.V,Producer
INTR.V,Explorer
IVS.V,Explorer
IZN.V,Royalty/Streamer
IFOS.V,Producer
JTWO.V,Explorer
JJJJ.V,Explorer
JADE.V,Explorer
JG.V,Explorer
JDN.V,Explorer
JHC.V,Shell
JUGR.V,Explorer
JZR.V,Explorer
KTO.V,Explorer
KIRO.V,Explorer
KALO.V,Explorer
KAPA.V,Explorer
KLD.V,Producer
KGC.V,Explorer
KIB.V,Explorer
KCC.V,Explorer
KCP.V,Explorer
KFR.V,Explorer
KGS.V,Explorer
KNG.V,Explorer
KIP.V,Explorer
KLDC.V,Explorer
KSM.V,Explorer
KG.V,Explorer
KS.V,Explorer
KRI.V,Explorer
KDK.V,Explorer
KTRI.V,Explorer
KTN.V,Explorer
KORE.V,Explorer
KRY.V,Explorer
KBRA.V,Explorer
KC.V,Explorer
LAB.V,Explorer
LG.V,Shell
LVG.V,Explorer
LWR.V,Explorer
LRA.V,Royalty/Streamer
LALI.V,Explorer
LXE.V,Explorer
LMS.V,Royalty/Streamer
LME.V,Explorer
LGC.V,Explorer
LEM.V,Explorer
LEGY.V,Explorer
LVX.V,Explorer
LIB.V,Explorer
LIFT.V,Explorer
LMG.V,Explorer
LIO.V,Producer
ROAR.V,Explorer
LAF.V,Explorer
LITH.V,Explorer
LTH.V,Explorer
LBNK.V,Explorer
LOD.V,Explorer
LSTR.V,Explorer
LMR.V,Explorer
LA.V,Explorer
LUCA.V,Producer
LKY.V,Unknown
LPK.V,Explorer
LXM.V,Explorer
LUXR.V,Explorer
MT.V,Explorer
MACK.V,Explorer
MDM.V,Explorer
MGMA.V,Explorer
MTT.V,Explorer
MJS.V,Producer
MKO.V,Producer
MTH.V,Explorer
MN.V,Explorer
MANU.V,Explorer
MGM.V,Explorer
MASS.V,Explorer
MCM.V,Unknown
MAX.V,Explorer
MFG.V,Explorer
MKR.V,Royalty/Streamer
MERG.V,Explorer
MLO.V,Explorer
MTX.V,Explorer
MTA.V,Royalty/Streamer
MMG.V,Royalty/Streamer
MTS.V,Explorer
MQM.V,Explorer
MEK.V,Explorer
MEX.V,Explorer
MMET.V,Explorer
MD.V,Explorer
MMA.V,Explorer
MLP.V,Explorer
MSC.V,Explorer
MGG.V,Explorer
MMM.V,Explorer
MAI.V,Producer
MINK.V,Shell
MCI.V,Explorer
MSR.V,Explorer
MRZ.V,Explorer
MSG.V,Explorer
MKA.V,Explorer
MOG.V,Explorer
MMN.V,Explorer
MRZL.V,Explorer
MON.V,Explorer
MMY.V,Producer
MNRG.V,Explorer
MOO.V,Explorer
MOX.V,Royalty/Streamer
MCC.V,Explorer
MUN.V,Explorer
MUR.V,Explorer
MMX.V,Explorer
NMI.V,Explorer
NAP.V,Explorer
NRC.V,Royalty/Streamer
NTX.V,Explorer
NKG.V,Explorer
NVLH.V,Explorer
NEV.V,Explorer
NAU.V,Explorer
NAM.V,Explorer
NED.V,Explorer
ENRG.V,Explorer
NFG.V,Producer
NTB.V,Explorer
NCAU.V,Explorer
NWX.V,Explorer
NEXG.V,Explorer
NEXM.V,Explorer
NXS.V,Explorer
NICN.V,Explorer
NKL.V,Royalty/Streamer
NCP.V,Explorer
NNX.V,Explorer
NIM.V,Producer
NIO.V,Explorer
NBY.V,Explorer
NOAL.V,Explorer
NBLC.V,Shell
NOB.V,Explorer
NOBL.V,Explorer
NRM.V,Explorer
NTH.V,Explorer
VKG.V,Shell
NVT.V,Explorer
NAR.V,Explorer
NPR.V,Explorer
NSU.V,Explorer
NGC.V,Producer
NL.V,Explorer
NRN.V,Explorer
NCX.V,Explorer
NMB.V,Explorer
NWST.V,Explorer
NUG.V,Explorer
NMC.V,Explorer
NVX.V,Explorer
FEO.V,Explorer
OLV.V,Explorer
OMG.V,Explorer
OMM.V,Explorer
OBUL.V,Explorer
ONAU.V,Explorer
OGW.V,Explorer
ONYX.V,Explorer
OPW.V,Explorer
OPHR.V,Explorer
OPTG.V,Explorer
OOR.V,Explorer
ORCL.V,Royalty/Streamer
ORS.V,Explorer
OTMC.V,Explorer
REX.V,Explorer
OCO.V,Explorer
OGN.V,Royalty/Streamer
OMI.V,Explorer
OSM.V,Explorer
ODV.V,Producer
PGLD.V,Explorer
PBM.V,Explorer
BKM.V,Explorer
PEMC.V,Royalty/Streamer
PPM.V,Explorer
PEX.V,Explorer
PA.V,Explorer
PNN.V,Explorer
PGZ.V,Explorer
PML.V,Explorer
PNTR.V,Explorer
PDQ.V,Explorer
PGDC.V,Producer
PAT.V,Shell
PCU.V,Explorer
PX.V,Explorer
PMI.V,Explorer
PER.V,Producer
PHNM.V,Explorer
PINN.V,Explorer
YARR.V,Explorer
PJX.V,Explorer
PGC.V,Shell
PLY.V,Explorer
PGP.V,Explorer
PNPN.V,Explorer
PWM.V,Explorer
PWRO.V,Explorer
PPX.V,Explorer
PRG.V,Explorer
PUR.V,Explorer
HDRO.V,Explorer
PMX.V,Shell
PPP.V,Explorer
PGX.V,Explorer
PHD.V,Explorer
PTX.V,Explorer
PUMA.V,Explorer
PE.V,Explorer
PTU.V,Explorer
PWH.V,Explorer
QTWO.V,Explorer
QCX.V,Explorer
QGR.V,Explorer
QMC.V,Explorer
QRO.V,Explorer
LEAP.V,Explorer
QZM.V,Explorer
QURI.V,Explorer
RAK.V,Explorer
RDS.V,Explorer
RDU.V,Explorer
RMO.V,Shell
RAMP.V,Explorer
RNCH.V,Explorer
RTH.V,Explorer
REC.V,Explorer
REE.V,Explorer
RSMX.V,Explorer
REG.V,Explorer
RGC.V,Explorer
RAGE.V,Explorer
RSM.V,Explorer
REVX.V,Explorer
RVG.V,Explorer
OWN.V,Explorer
RYE.V,Shell
RMD.V,Shell
RDG.V,Explorer
RMI.V,Explorer
RLYG.V,Shell
RYO.V,Explorer
RRRL.V,Explorer
RRI.V,Explorer
RJX.V,Unknown
RCT.V,Producer
RCK.V,Explorer
RK.V,Explorer
RKR.V,Explorer
RME.V,Explorer
ROS.V,Explorer
RTE.V,Explorer
RYR.V,Explorer
RPX.V,Explorer
RTM.V,Explorer
RML.V,Shell
SAE.V,Explorer
SF.V,Explorer
SAGA.V,Explorer
SAGE.V,Explorer
FISH.V,Royalty/Streamer
SRL.V,Explorer
SME.V,Explorer
SLG.V,Shell
SFR.V,Explorer
SCZ.V,Producer
SWA.V,Explorer
SCD.V,Explorer
SCY.V,Explorer
SGN.V,Explorer
SCOT.V,Explorer
SMY.V,Explorer
SCLT.V,Explorer
SGZ.V,Explorer
SCMI.V,Shell
SEND.V,Explorer
SEVA.V,Explorer
SHRP.V,Explorer
SIEN.V,Explorer
SM.V,Producer
SGML.V,Producer
SGU.V,Explorer
SBMI.V,Explorer
SVG.V,Shell
SNAG.V,Explorer
SVE.V,Explorer
SPD.V,Explorer
SNG.V,Explorer
SSE.V,Explorer
SVRS.V,Explorer
SILV.V,Explorer
VIPR.V,Explorer
SWLF.V,Explorer
AGX.V,Producer
AGA.V,Explorer
SICO.V,Explorer
SOI.V,Explorer
SIG.V,Explorer
SKEL.V,Explorer
SKRR.V,Explorer
SKYG.V,Explorer
SYH.V,Explorer
SXL.V,Explorer
SMRV.V,Explorer
SGC.V,Royalty/Streamer
SOMA.V,Producer
SGO.V,Explorer
SAO.V,Explorer
SPMC.V,Explorer
STS.V,Explorer
SMP.V,Explorer
SSV.V,Explorer
SGQ.V,Producer
SML.V,Producer
SPA.V,Explorer
W.V,Shell
SRI.V,Explorer
SPC.V,Explorer
SRQ.V,Explorer
LORD.V,Explorer
SRC.V,Producer
STUD.V,Explorer
SLI.V,Explorer
STND.V,Explorer
STRR.V,Shell
STE.V,Explorer
SPX.V,Explorer
SAG.V,Explorer
PGE.V,Explorer
STW.V,Explorer
STRM.V,Explorer
SMD.V,Explorer
SR.V,Explorer
SRA.V,Explorer
SKP.V,Explorer
SDR.V,Producer
STUV.V,Explorer
SUM.V,Royalty/Streamer
PEAK.V,Explorer
SMN.V,Explorer
SUI.V,Shell
NILI.V,Explorer
SURG.V,Explorer
SYG.V,Shell
TWO.V,Explorer
RARE.V,Explorer
TAJ.V,Explorer
TALA.V,Explorer
TRO.V,Explorer
TDG.V,Explorer
TECT.V,Explorer
TRR.V,Explorer
TES.V,Explorer
TUO.V,Explorer
TGX.V,Explorer
TAU.V,Explorer
TRCG.V,Explorer
THX.V,Producer
TGOL.V,Explorer
THM.V,Shell
BIRD.V,Shell
AWE.V,Explorer
TSLV.V,Explorer
TNGD.V,Explorer
TIGR.V,Explorer
TK.V,Explorer
TORC.V,Explorer
TTS.V,Shell
TITI.V,Explorer
TNR.V,Explorer
LOT.V,Explorer
TBLL.V,Explorer
TGC.V,Explorer
TORQ.V,Explorer
TMET.V,Explorer
TT.V,Explorer
TOTC.V,Explorer
TWR.V,Explorer
TBK.V,Explorer
TCO.V,Explorer
XTM.V,Explorer
TRS.V,Explorer
TRBC.V,Explorer
ROCK.V,Explorer
TG.V,Explorer
TOM.V,Explorer
TSG.V,Explorer
TIG.V,Explorer
TR.V,Explorer
TRU.V,Explorer
TSD.V,Explorer
TUD.V,Explorer
TUK.V,Producer
TVI.V,Explorer
MILE.V,Explorer
UTWO.V,Explorer
UCU.V,Explorer
ULT.V,Explorer
UGD.V,Explorer
URZ.V,Explorer
USCU.V,Explorer
USHA.V,Explorer
VTEN.V,Explorer
VZZ.V,Explorer
VMXX.V,Explorer
OZ.V,Explorer
VO.V,Explorer
VRB.V,Explorer
VAX.V,Shell
VCV.V,Explorer
KNOX.V,Explorer
VLC.V,Explorer
VLX.V,Explorer
VTT.V,Explorer
VENT.V,Explorer
V.V,Explorer
VERT.V,Explorer
VLD.V,Explorer
VIO.V,Explorer
VML.V,Explorer
VGD.V,Explorer
VLI.V,Explorer
VCG.V,Explorer
VIZ.V,Explorer
VAU.V,Explorer
VCU.V,Explorer
VROY.V,Royalty/Streamer
VG.V,Explorer
VCT.V,Explorer
VMS.V,Explorer
VM.V,Producer
VRR.V,Explorer
VUL.V,Explorer
VVC.V,Explorer
WLR.V,Shell
WRR.V,Explorer
WML.V,Explorer
WGF.V,Explorer
WHY.V,Explorer
WPG.V,Explorer
WRLG.V,Producer
WVM.V,Explorer
WEX.V,Explorer
WGLD.V,Explorer
WMS.V,Explorer
WHN.V,Explorer
WGO.V,Explorer
WMK.V,Explorer
WSK.V,Explorer
WEC.V,Shell
WINS.V,Explorer
WLF.V,Explorer
WCU.V,Explorer
XGC.V,Explorer
GIG.V,Explorer
XIM.V,Explorer
XPLR.V,Explorer
XXIX.V,Explorer
ZAC.V,Explorer
ZBNI.V,Explorer
ZEN.V,Explorer
ZFR.V,Explorer
ZNX.V,Explorer
ZAU.V,Explorer
ZON.V,Shell
